ano,dimensao,nivel,regiao,uf,sigla,Cap I,Cap II,Cap III,Cap IV,Cap V,Cap VI,Cap VII,Cap VIII,Cap IX,Cap X,Cap XI,Cap XII,Cap XIII,Cap XIV,Cap XV,Cap XVI,Cap XVII,Cap XVIII,Cap XX,Total,Cap XIX,Cap XXII
2016,capitulo_cid10,Regiao,Região Norte,,,4279,10914,486,5378,426,1350,1,12,18263,7720,3565,237,295,1817,235,2687,1119,6243,15078,80105,0,0
2016,capitulo_cid10,Estado,Região Norte,Rondônia,RO,408,1266,43,519,44,156,1,2,1986,821,380,14,27,268,18,176,133,511,1571,8344,0,0
2016,capitulo_cid10,Estado,Região Norte,Acre,AC,191,508,28,217,27,67,0,0,834,541,162,11,13,77,9,109,71,243,655,3763,0,0
2016,capitulo_cid10,Estado,Região Norte,Amazonas,AM,1136,2585,111,1051,48,263,0,1,3147,1430,708,27,76,348,62,622,276,2087,2821,16799,0,0
2016,capitulo_cid10,Estado,Região Norte,Roraima,RR,117,282,9,206,11,40,0,0,415,221,72,5,9,55,7,87,41,106,474,2157,0,0
2016,capitulo_cid10,Estado,Região Norte,Pará,PA,2046,4824,242,2620,179,609,0,8,9024,3893,1746,142,131,876,104,1344,434,2903,7432,38557,0,0
2016,capitulo_cid10,Estado,Região Norte,Amapá,AP,156,424,18,171,14,72,0,0,585,276,117,16,12,52,16,177,58,231,600,2995,0,0
2016,capitulo_cid10,Estado,Região Norte,Tocantins,TO,225,1025,35,594,103,143,0,1,2272,538,380,22,27,141,19,172,106,162,1525,7490,0,0
2016,capitulo_cid10,Regiao,Região Nordeste,,,15769,46892,2113,25519,3686,7197,10,34,93833,35633,17641,1780,1512,8917,576,6951,3074,25057,50901,347095,0,0
2016,capitulo_cid10,Estado,Região Nordeste,Maranhão,MA,1736,3900,229,2694,285,534,1,4,10622,2914,1759,134,87,768,110,971,376,1786,5452,34362,0,0
2016,capitulo_cid10,Estado,Região Nordeste,Piauí,PI,681,2742,101,1475,200,431,2,1,6200,1838,978,67,67,369,47,469,200,735,2584,19187,0,0
2016,capitulo_cid10,Estado,Região Nordeste,Ceará,CE,2154,8751,313,2651,694,1496,1,6,14418,6374,2562,318,296,1239,78,965,500,3331,8129,54276,0,0
2016,capitulo_cid10,Estado,Região Nordeste,Rio Grande do Norte,RN,1046,3355,149,1908,199,524,0,6,5849,2267,1128,133,101,642,32,347,167,889,3180,21922,0,0
2016,capitulo_cid10,Estado,Região Nordeste,Paraíba,PB,1260,3705,151,2339,227,663,0,2,8208,3246,1427,128,205,876,55,421,215,1757,3156,28041,0,0
2016,capitulo_cid10,Estado,Região Nordeste,Pernambuco,PE,3377,8725,361,5118,609,1377,2,4,18765,8525,3694,376,268,2255,76,1013,573,2696,9114,66928,0,0
2016,capitulo_cid10,Estado,Região Nordeste,Alagoas,AL,1013,2229,104,2058,251,335,2,2,6174,2128,1206,119,89,425,26,417,165,930,3096,20769,0,0
2016,capitulo_cid10,Estado,Região Nordeste,Sergipe,SE,538,1788,64,1019,316,306,0,1,3198,1254,672,85,58,409,18,314,138,855,2483,13516,0,0
2016,capitulo_cid10,Estado,Região Nordeste,Bahia,BA,3964,11697,641,6257,905,1531,2,8,20399,7087,4215,420,341,1934,134,2034,740,12078,13707,88094,0,0
2016,capitulo_cid10,Regiao,Região Sudeste,,,25891,102427,3101,30616,5886,18326,9,90,171186,78956,30598,3110,2839,21421,653,7474,4315,34121,54554,595573,0,0
2016,capitulo_cid10,Estado,Região Sudeste,Minas Gerais,MG,6422,22487,816,7305,2288,4140,2,21,34478,17192,6667,617,760,4275,120,1709,966,10960,14032,135257,0,0
2016,capitulo_cid10,Estado,Região Sudeste,Espírito Santo,ES,704,4165,69,1290,275,839,0,2,6654,2511,1190,103,85,663,30,371,250,234,3433,22868,0,0
2016,capitulo_cid10,Estado,Região Sudeste,Rio de Janeiro,RJ,8051,21868,908,8078,886,3611,2,22,41244,17724,5966,1013,577,6011,185,1563,902,7915,14563,141089,0,0
2016,capitulo_cid10,Estado,Região Sudeste,São Paulo,SP,10714,53907,1308,13943,2437,9736,5,45,88810,41529,16775,1377,1417,10472,318,3831,2197,15012,22526,296359,0,0
2016,capitulo_cid10,Regiao,Região Sul,,,7531,41005,746,11651,1799,7648,0,20,56951,25825,9585,502,781,5011,184,2256,1434,7872,21792,202593,0,0
2016,capitulo_cid10,Estado,Região Sul,Paraná,PR,2491,13877,280,4390,821,2659,0,8,21340,9396,3903,165,315,1814,83,941,596,2639,9022,74740,0,0
2016,capitulo_cid10,Estado,Região Sul,Santa Catarina,SC,1521,8473,160,2295,379,1403,0,3,11581,4917,1859,121,145,1107,28,490,303,1151,4334,40270,0,0
2016,capitulo_cid10,Estado,Região Sul,Rio Grande do Sul,RS,3519,18655,306,4966,599,3586,0,9,24030,11512,3823,216,321,2090,73,825,535,4082,8436,87583,0,0
2016,capitulo_cid10,Regiao,Região Centro-Oeste,,,3718,13979,432,4911,877,2349,0,17,21858,9907,4655,245,360,2201,166,1681,940,2576,13536,84408,0,0
2016,capitulo_cid10,Estado,Região Centro-Oeste,Mato Grosso do Sul,MS,650,2683,64,1110,131,444,0,3,4960,2251,912,63,58,430,34,265,175,411,2105,16749,0,0
2016,capitulo_cid10,Estado,Região Centro-Oeste,Mato Grosso,MT,797,2624,116,1133,176,405,0,6,4211,1899,825,35,73,465,53,392,209,1037,3079,17535,0,0
2016,capitulo_cid10,Estado,Região Centro-Oeste,Goiás,GO,1751,6183,194,2069,361,1019,0,7,9631,4672,2182,124,155,1048,55,728,416,900,6579,38074,0,0
2016,capitulo_cid10,Estado,Região Centro-Oeste,Distrito Federal,DF,520,2489,58,599,209,481,0,1,3056,1085,736,23,74,258,24,296,140,228,1773,12050,0,0
2017,capitulo_cid10,Regiao,Região Norte,,,4071,11473,459,5942,465,1458,4,16,18976,8052,3627,317,342,1960,254,2709,1193,5876,15789,82983,0,0
2017,capitulo_cid10,Estado,Região Norte,Rondônia,RO,398,1282,46,548,60,191,3,1,1992,845,350,13,18,246,22,162,115,469,1458,8219,0,0
2017,capitulo_cid10,Estado,Região Norte,Acre,AC,156,574,27,239,29,60,0,0,856,484,168,12,22,71,8,122,45,139,820,3832,0,0
2017,capitulo_cid10,Estado,Região Norte,Amazonas,AM,1007,2654,82,1156,61,266,0,3,3136,1493,697,55,105,405,53,659,297,2147,3005,17281,0,0
2017,capitulo_cid10,Estado,Região Norte,Roraima,RR,100,360,10,215,8,39,0,2,525,179,129,15,7,66,6,84,51,75,590,2461,0,0
2017,capitulo_cid10,Estado,Região Norte,Pará,PA,1984,5031,249,2873,187,697,1,6,9366,4164,1788,184,146,934,132,1336,502,2686,7714,39980,0,0
2017,capitulo_cid10,Estado,Região Norte,Amapá,AP,160,430,14,202,8,50,0,2,620,321,130,12,13,67,7,180,68,240,634,3158,0,0
2017,capitulo_cid10,Estado,Região Norte,Tocantins,TO,266,1142,31,709,112,155,0,2,2481,566,365,26,31,171,26,166,115,120,1568,8052,0,0
2017,capitulo_cid10,Regiao,Região Nordeste,,,14914,49296,2038,26038,3731,7813,4,50,95582,36149,17637,1951,1575,8888,574,7145,3112,22565,52983,352045,0,0
2017,capitulo_cid10,Estado,Região Nordeste,Maranhão,MA,1646,4317,243,2782,268,598,1,7,10876,3220,1699,166,118,747,98,1135,407,1871,5076,35275,0,0
2017,capitulo_cid10,Estado,Região Nordeste,Piauí,PI,718,2812,119,1445,218,449,1,4,6443,2068,1023,89,66,424,39,431,213,874,2414,19850,0,0
2017,capitulo_cid10,Estado,Região Nordeste,Ceará,CE,2525,9162,297,2911,726,1719,0,9,15568,7770,2855,425,375,1345,86,1007,503,2173,9807,59263,0,0
2017,capitulo_cid10,Estado,Região Nordeste,Rio Grande do Norte,RN,806,3418,131,1729,194,605,1,4,5534,2181,1124,151,114,611,35,347,195,649,3580,21409,0,0
2017,capitulo_cid10,Estado,Região Nordeste,Paraíba,PB,1007,3832,133,2242,227,651,0,4,7865,3120,1336,150,181,822,40,469,229,1572,3095,26975,0,0
2017,capitulo_cid10,Estado,Região Nordeste,Pernambuco,PE,2798,9012,305,4959,606,1487,1,8,18110,7588,3443,330,275,2003,103,952,569,2045,9770,64364,0,0
2017,capitulo_cid10,Estado,Região Nordeste,Alagoas,AL,1009,2405,105,2073,226,339,0,3,6236,1956,1151,83,82,455,16,397,184,820,3133,20673,0,0
2017,capitulo_cid10,Estado,Região Nordeste,Sergipe,SE,529,1825,71,1080,342,330,0,4,3130,1026,664,113,57,411,20,359,114,923,2323,13321,0,0
2017,capitulo_cid10,Estado,Região Nordeste,Bahia,BA,3876,12513,634,6817,924,1635,0,7,21820,7220,4342,444,307,2070,137,2048,698,11638,13785,90915,0,0
2017,capitulo_cid10,Regiao,Região Sudeste,,,25030,104604,2965,30703,5807,19020,11,82,167849,77599,30518,3096,2877,22131,730,7601,4220,33915,54934,593692,0,0
2017,capitulo_cid10,Estado,Região Sudeste,Minas Gerais,MG,6097,23234,853,7679,2341,4491,3,19,35055,17738,6809,622,779,4552,127,1773,1039,10583,14324,138118,0,0
2017,capitulo_cid10,Estado,Região Sudeste,Espírito Santo,ES,766,4172,65,1392,229,1074,0,5,6942,2798,1142,106,120,714,45,351,230,179,3782,24112,0,0
2017,capitulo_cid10,Estado,Região Sudeste,Rio de Janeiro,RJ,7466,21942,830,7985,953,3509,3,21,38127,16387,5708,907,585,5759,198,1554,821,9320,14634,136709,0,0
2017,capitulo_cid10,Estado,Região Sudeste,São Paulo,SP,10701,55256,1217,13647,2284,9946,5,37,87725,40676,16859,1461,1393,11106,360,3923,2130,13833,22194,294753,0,0
2017,capitulo_cid10,Regiao,Região Sul,,,7188,41983,804,11662,1833,7936,0,20,53773,23814,9518,500,761,5118,172,2408,1485,6951,21867,197793,0,0
2017,capitulo_cid10,Estado,Região Sul,Paraná,PR,2208,14060,294,4298,752,2825,0,7,20271,8893,3785,156,283,1883,57,982,584,1692,8603,71633,0,0
2017,capitulo_cid10,Estado,Região Sul,Santa Catarina,SC,1413,8692,188,2300,387,1395,0,8,10930,4590,1900,118,155,1084,39,575,347,1177,4621,39919,0,0
2017,capitulo_cid10,Estado,Região Sul,Rio Grande do Sul,RS,3567,19231,322,5064,694,3716,0,5,22572,10331,3833,226,323,2151,76,851,554,4082,8643,86241,0,0
2017,capitulo_cid10,Regiao,Região Centro-Oeste,,,3671,14465,356,5317,1022,2559,0,11,22702,10006,4752,236,357,2373,144,1595,985,2515,13084,86150,0,0
2017,capitulo_cid10,Estado,Região Centro-Oeste,Mato Grosso do Sul,MS,594,2817,52,1052,123,477,0,0,4564,2017,892,80,57,441,27,266,179,254,2062,15954,0,0
2017,capitulo_cid10,Estado,Região Centro-Oeste,Mato Grosso,MT,741,2667,99,1356,206,434,0,0,4307,1681,875,40,63,516,40,400,227,1036,3021,17709,0,0
2017,capitulo_cid10,Estado,Região Centro-Oeste,Goiás,GO,1778,6401,165,2326,395,1072,0,7,10484,5123,2283,97,165,1178,54,658,374,961,6452,39973,0,0
2017,capitulo_cid10,Estado,Região Centro-Oeste,Distrito Federal,DF,558,2580,40,583,298,576,0,4,3347,1185,702,19,72,238,23,271,205,264,1549,12514,0,0
2018,capitulo_cid10,Regiao,Região Norte,,,4248,11855,459,6074,407,1550,3,12,19232,8626,3625,258,307,2164,248,2664,1230,6165,15282,84409,0,0
2018,capitulo_cid10,Estado,Região Norte,Rondônia,RO,395,1312,43,493,44,193,1,1,2090,882,328,10,21,263,13,168,113,505,1290,8165,0,0
2018,capitulo_cid10,Estado,Região Norte,Acre,AC,192,595,32,288,26,87,1,0,910,539,181,5,13,118,9,133,63,213,689,4094,0,0
2018,capitulo_cid10,Estado,Região Norte,Amazonas,AM,974,2817,96,1360,64,323,0,2,3201,1509,734,39,84,405,80,642,294,2158,2928,17710,0,0
2018,capitulo_cid10,Estado,Região Norte,Roraima,RR,144,380,15,208,8,61,0,0,585,244,98,10,12,68,11,103,75,67,698,2787,0,0
2018,capitulo_cid10,Estado,Região Norte,Pará,PA,2128,5141,226,2869,160,662,1,8,9508,4463,1726,171,151,1020,112,1274,487,2837,7569,40513,0,0
2018,capitulo_cid10,Estado,Região Norte,Amapá,AP,162,446,18,215,10,71,0,1,690,336,164,9,10,86,14,169,74,218,652,3345,0,0
2018,capitulo_cid10,Estado,Região Norte,Tocantins,TO,253,1164,29,641,95,153,0,0,2248,653,394,14,16,204,9,175,124,167,1456,7795,0,0
2018,capitulo_cid10,Regiao,Região Nordeste,,,14443,50615,1920,24840,3733,8042,6,47,93731,36024,17717,1838,1590,9352,591,6844,3147,20310,49179,343969,0,0
2018,capitulo_cid10,Estado,Região Nordeste,Maranhão,MA,1682,4373,211,2960,309,646,2,9,10360,3107,1732,168,106,810,94,993,362,1790,4811,34525,0,0
2018,capitulo_cid10,Estado,Região Nordeste,Piauí,PI,740,2737,137,1426,253,472,0,5,6306,2203,1040,102,66,437,51,468,209,859,2472,19983,0,0
2018,capitulo_cid10,Estado,Região Nordeste,Ceará,CE,2265,9386,264,2584,736,1734,2,10,15446,7081,2883,363,341,1445,113,963,501,1725,9186,57028,0,0
2018,capitulo_cid10,Estado,Região Nordeste,Rio Grande do Norte,RN,878,3535,108,1767,200,565,0,4,5608,2274,1088,115,127,622,27,360,158,629,3144,21209,0,0
2018,capitulo_cid10,Estado,Região Nordeste,Paraíba,PB,1061,3971,132,2246,213,654,0,4,7635,3037,1341,124,170,906,40,413,205,1456,3036,26644,0,0
2018,capitulo_cid10,Estado,Região Nordeste,Pernambuco,PE,2744,9326,316,4572,567,1427,1,7,17211,7528,3519,304,332,2051,96,962,557,1852,8639,62011,0,0
2018,capitulo_cid10,Estado,Região Nordeste,Alagoas,AL,854,2438,106,1893,187,389,0,2,5925,1887,1130,89,88,441,26,385,192,696,2683,19411,0,0
2018,capitulo_cid10,Estado,Região Nordeste,Sergipe,SE,514,1739,59,900,307,306,1,2,3068,1262,637,109,53,437,21,388,152,957,2112,13024,0,0
2018,capitulo_cid10,Estado,Região Nordeste,Bahia,BA,3705,13110,587,6492,961,1849,0,4,22172,7645,4347,464,307,2203,123,1912,811,10346,13096,90134,0,0
2018,capitulo_cid10,Regiao,Região Sudeste,,,25240,107260,3072,31814,6260,19714,11,91,167213,76372,31200,3251,3053,23767,674,7407,4224,34634,52881,598138,0,0
2018,capitulo_cid10,Estado,Região Sudeste,Minas Gerais,MG,6170,23704,839,7733,2528,4599,3,22,34538,17028,7072,689,768,4823,139,1746,990,9446,12782,135619,0,0
2018,capitulo_cid10,Estado,Região Sudeste,Espírito Santo,ES,668,4499,74,1329,202,1072,0,5,6845,2395,1205,121,156,748,41,348,219,164,3409,23500,0,0
2018,capitulo_cid10,Estado,Região Sudeste,Rio de Janeiro,RJ,8021,22673,893,8354,1038,3676,3,29,38117,16410,5854,947,575,6283,176,1535,812,10605,14705,140706,0,0
2018,capitulo_cid10,Estado,Região Sudeste,São Paulo,SP,10381,56384,1266,14398,2492,10367,5,35,87713,40539,17069,1494,1554,11913,318,3778,2203,14419,21985,298313,0,0
2018,capitulo_cid10,Regiao,Região Sul,,,6974,43141,730,13289,2178,9132,1,11,54604,24477,10087,636,818,5671,178,2268,1520,7197,20822,203734,0,0
2018,capitulo_cid10,Estado,Região Sul,Paraná,PR,2163,14598,287,4931,905,3199,0,5,20351,9152,3975,202,312,2002,82,940,591,1604,8549,73848,0,0
2018,capitulo_cid10,Estado,Região Sul,Santa Catarina,SC,1435,9233,141,2316,513,1492,0,2,11251,4797,2001,132,178,1307,35,544,357,1283,4251,41268,0,0
2018,capitulo_cid10,Estado,Região Sul,Rio Grande do Sul,RS,3376,19310,302,6042,760,4441,1,4,23002,10528,4111,302,328,2362,61,784,572,4310,8022,88618,0,0
2018,capitulo_cid10,Regiao,Região Centro-Oeste,,,3774,15049,420,5348,1119,2597,0,8,22990,9692,4687,290,385,2474,171,1581,1035,2199,12650,86469,0,0
2018,capitulo_cid10,Estado,Região Centro-Oeste,Mato Grosso do Sul,MS,555,2953,65,1102,191,513,0,1,4968,2127,806,82,55,418,31,235,183,330,1985,16600,0,0
2018,capitulo_cid10,Estado,Região Centro-Oeste,Mato Grosso,MT,836,2767,117,1336,168,417,0,5,4478,1826,897,52,82,605,46,374,237,1040,2922,18205,0,0
2018,capitulo_cid10,Estado,Região Centro-Oeste,Goiás,GO,1802,6646,180,2300,441,1102,0,2,10465,4735,2291,131,167,1261,70,723,410,596,6185,39507,0,0
2018,capitulo_cid10,Estado,Região Centro-Oeste,Distrito Federal,DF,581,2683,58,610,319,565,0,0,3079,1004,693,25,81,190,24,249,205,233,1558,12157,0,0
2019,capitulo_cid10,Regiao,Região Norte,,,4221,12098,531,6128,446,1731,3,13,19603,9064,3858,318,313,2236,250,2536,1248,7034,14055,85686,0,0
2019,capitulo_cid10,Estado,Região Norte,Rondônia,RO,340,1446,38,573,59,205,1,2,1999,909,353,17,27,260,14,166,94,521,1314,8338,0,0
2019,capitulo_cid10,Estado,Região Norte,Acre,AC,192,561,41,232,19,66,0,0,926,639,174,6,14,101,8,123,60,311,625,4098,0,0
2019,capitulo_cid10,Estado,Região Norte,Amazonas,AM,983,2729,107,1343,54,357,0,4,3386,1574,805,46,81,440,67,644,360,2317,3030,18327,0,0
2019,capitulo_cid10,Estado,Região Norte,Roraima,RR,130,419,13,191,8,77,0,0,610,236,114,35,17,77,11,88,69,93,591,2779,0,0
2019,capitulo_cid10,Estado,Região Norte,Pará,PA,2164,5279,246,2890,195,728,2,3,9644,4573,1847,190,140,1069,130,1240,482,3290,6487,40599,0,0
2019,capitulo_cid10,Estado,Região Norte,Amapá,AP,184,503,23,213,18,81,0,1,711,409,160,10,10,97,5,150,68,250,631,3524,0,0
2019,capitulo_cid10,Estado,Região Norte,Tocantins,TO,228,1161,63,686,93,217,0,3,2327,724,405,14,24,192,15,125,115,252,1377,8021,0,0
2019,capitulo_cid10,Regiao,Região Nordeste,,,15222,52717,2053,25447,4030,9189,7,50,96244,38807,18158,2247,1687,10310,542,6545,3268,21994,44284,352801,0,0
2019,capitulo_cid10,Estado,Região Nordeste,Maranhão,MA,1734,4501,215,3092,336,664,1,9,10726,3217,1846,197,88,831,85,983,377,1712,4514,35128,0,0
2019,capitulo_cid10,Estado,Região Nordeste,Piauí,PI,754,2938,123,1630,217,542,1,3,6415,2389,1002,126,80,477,46,406,221,897,2261,20528,0,0
2019,capitulo_cid10,Estado,Região Nordeste,Ceará,CE,2375,9748,308,2703,806,2082,1,11,15490,7669,3019,412,348,1567,108,911,553,1643,6826,56580,0,0
2019,capitulo_cid10,Estado,Região Nordeste,Rio Grande do Norte,RN,884,3691,137,1723,218,658,2,3,6132,2445,1148,132,135,663,32,338,156,675,2595,21767,0,0
2019,capitulo_cid10,Estado,Região Nordeste,Paraíba,PB,1092,4296,154,2202,240,710,0,2,7743,3266,1305,167,142,1078,45,446,239,1585,2666,27378,0,0
2019,capitulo_cid10,Estado,Região Nordeste,Pernambuco,PE,2905,9698,321,4802,614,1592,1,8,17876,8017,3596,457,357,2248,73,933,562,2046,8189,64295,0,0
2019,capitulo_cid10,Estado,Região Nordeste,Alagoas,AL,916,2550,93,1917,220,408,1,4,6287,2074,1177,127,108,473,29,383,197,940,2383,20287,0,0
2019,capitulo_cid10,Estado,Região Nordeste,Sergipe,SE,574,1889,73,948,327,359,0,3,3135,1275,676,131,50,466,12,342,148,1108,1957,13473,0,0
2019,capitulo_cid10,Estado,Região Nordeste,Bahia,BA,3988,13406,629,6430,1052,2174,0,7,22440,8455,4389,498,379,2507,112,1803,815,11388,12893,93365,0,0
2019,capitulo_cid10,Regiao,Região Sudeste,,,25701,110909,3240,33269,6855,21891,10,105,170916,78472,31583,3613,3291,25959,627,7423,4197,36049,52133,616243,0,0
2019,capitulo_cid10,Estado,Região Sudeste,Minas Gerais,MG,6290,24524,862,8130,2855,5319,3,22,35493,18192,7124,664,855,5349,117,1780,1029,9301,13113,141022,0,0
2019,capitulo_cid10,Estado,Região Sudeste,Espírito Santo,ES,708,4774,95,1511,182,1224,1,5,7046,2510,1212,108,169,819,33,309,215,208,3302,24431,0,0
2019,capitulo_cid10,Estado,Região Sudeste,Rio de Janeiro,RJ,8147,22656,944,8549,1085,3940,2,35,38939,17253,6081,1067,606,6842,183,1473,802,12027,13969,144600,0,0
2019,capitulo_cid10,Estado,Região Sudeste,São Paulo,SP,10556,58955,1339,15079,2733,11408,4,43,89438,40517,17166,1774,1661,12949,294,3861,2151,14513,21749,306190,0,0
2019,capitulo_cid10,Regiao,Região Sul,,,7571,44064,793,13271,2140,9463,2,21,54161,25044,10276,674,817,6202,159,2281,1565,7253,20329,206086,0,0
2019,capitulo_cid10,Estado,Região Sul,Paraná,PR,2330,14860,320,4646,912,3393,0,4,20294,9155,4200,215,308,2167,72,881,636,1785,8388,74566,0,0
2019,capitulo_cid10,Estado,Região Sul,Santa Catarina,SC,1602,9286,160,2425,454,1519,1,5,11468,5219,2035,148,183,1304,31,536,337,1240,4329,42282,0,0
2019,capitulo_cid10,Estado,Região Sul,Rio Grande do Sul,RS,3639,19918,313,6200,774,4551,1,12,22399,10670,4041,311,326,2731,56,864,592,4228,7612,89238,0,0
2019,capitulo_cid10,Regiao,Região Centro-Oeste,,,3951,15513,451,5370,1055,2961,1,17,23208,10618,4895,300,398,2859,148,1569,1030,2642,11999,88985,0,0
2019,capitulo_cid10,Estado,Região Centro-Oeste,Mato Grosso do Sul,MS,635,2895,69,982,116,516,0,4,4894,2248,912,82,55,541,24,252,167,513,1910,16815,0,0
2019,capitulo_cid10,Estado,Região Centro-Oeste,Mato Grosso,MT,828,2889,115,1267,212,500,0,2,4430,1927,868,51,92,664,44,396,237,1035,2784,18341,0,0
2019,capitulo_cid10,Estado,Região Centro-Oeste,Goiás,GO,1833,6874,198,2439,426,1357,1,9,10752,5189,2342,139,173,1384,71,706,475,828,5829,41025,0,0
2019,capitulo_cid10,Estado,Região Centro-Oeste,Distrito Federal,DF,655,2855,69,682,301,588,0,2,3132,1254,773,28,78,270,9,215,151,266,1476,12804,0,0
2020,capitulo_cid10,Regiao,Região Norte,,,24113,11777,510,6843,630,1901,3,14,20353,10427,3682,299,330,2171,310,2508,1036,8612,13495,109014,0,0
2020,capitulo_cid10,Estado,Região Norte,Rondônia,RO,2212,1343,42,668,62,229,0,2,2046,711,362,17,21,262,19,196,94,614,1378,10278,0,0
2020,capitulo_cid10,Estado,Região Norte,Acre,AC,1006,539,34,226,21,60,2,0,771,488,163,2,15,88,5,125,57,662,596,4860,0,0
2020,capitulo_cid10,Estado,Região Norte,Amazonas,AM,6972,2637,110,1502,94,372,0,6,3565,1747,749,53,89,427,78,550,305,2777,2732,24765,0,0
2020,capitulo_cid10,Estado,Região Norte,Roraima,RR,959,406,22,168,10,55,0,2,601,225,134,13,17,49,20,129,44,125,601,3580,0,0
2020,capitulo_cid10,Estado,Região Norte,Pará,PA,10184,5238,258,3324,275,911,0,2,10206,6260,1717,177,156,1083,155,1211,396,3999,6091,51643,0,0
2020,capitulo_cid10,Estado,Região Norte,Amapá,AP,1292,507,13,242,32,83,0,0,765,329,160,6,10,76,15,157,62,191,677,4617,0,0
2020,capitulo_cid10,Estado,Região Norte,Tocantins,TO,1488,1107,31,713,136,191,1,2,2399,667,397,31,22,186,18,140,78,244,1420,9271,0,0
2020,capitulo_cid10,Regiao,Região Nordeste,,,69227,51705,1888,29343,5345,9497,10,54,96649,35431,17897,2163,1662,9539,699,6159,2807,27252,48592,415919,0,0
2020,capitulo_cid10,Estado,Região Nordeste,Maranhão,MA,6733,4426,223,3613,391,701,1,10,11318,4204,1884,181,122,867,101,913,340,2252,4991,43271,0,0
2020,capitulo_cid10,Estado,Região Nordeste,Piauí,PI,3566,2687,110,1589,265,561,0,1,6728,2071,1055,119,78,444,47,342,192,1313,2478,23646,0,0
2020,capitulo_cid10,Estado,Região Nordeste,Ceará,CE,14149,9509,289,3233,909,2009,1,13,14955,6553,2795,409,319,1333,132,872,408,2953,8671,69512,0,0
2020,capitulo_cid10,Estado,Região Nordeste,Rio Grande do Norte,RN,3966,3620,128,1720,262,638,0,7,6037,2179,1105,142,205,611,34,315,167,808,2730,24674,0,0
2020,capitulo_cid10,Estado,Região Nordeste,Paraíba,PB,4660,4121,117,2521,287,779,0,4,7606,2991,1349,148,93,924,56,425,197,1853,2976,31107,0,0
2020,capitulo_cid10,Estado,Região Nordeste,Pernambuco,PE,14119,9230,296,5848,1255,1875,5,6,16705,7598,3371,415,325,2110,99,902,499,3263,8653,76574,0,0
2020,capitulo_cid10,Estado,Região Nordeste,Alagoas,AL,4543,2522,76,2113,266,357,1,3,6041,1670,1168,98,102,424,40,357,163,1496,2708,24148,0,0
2020,capitulo_cid10,Estado,Região Nordeste,Sergipe,SE,2870,1892,58,979,363,382,0,3,3156,1129,638,120,44,392,33,307,128,1289,2010,15793,0,0
2020,capitulo_cid10,Estado,Região Nordeste,Bahia,BA,14621,13698,591,7727,1347,2195,2,7,24103,7036,4532,531,374,2434,157,1726,713,12025,13375,107194,0,0
2020,capitulo_cid10,Regiao,Região Sudeste,,,122551,106972,3080,37198,7587,21625,10,77,164015,74233,29883,3309,2986,24048,767,6620,3608,43433,51057,703059,0,0
2020,capitulo_cid10,Estado,Região Sudeste,Minas Gerais,MG,19417,24653,798,8519,2861,5296,4,22,35595,15592,7083,650,806,5244,135,1623,900,10514,12416,152128,0,0
2020,capitulo_cid10,Estado,Região Sudeste,Espírito Santo,ES,5615,4532,94,1757,267,1214,0,8,6880,2193,1111,128,147,787,43,303,210,358,3464,29111,0,0
2020,capitulo_cid10,Estado,Região Sudeste,Rio de Janeiro,RJ,39263,22081,936,8948,1159,3729,3,15,37073,16039,5584,908,590,5924,236,1433,692,14671,12901,172185,0,0
2020,capitulo_cid10,Estado,Região Sudeste,São Paulo,SP,58256,55706,1252,17974,3300,11386,3,32,84467,40409,16105,1623,1443,12093,353,3261,1806,17890,22276,349635,0,0
2020,capitulo_cid10,Regiao,Região Sul,,,30276,43480,702,13726,2395,9362,1,12,52739,19396,10286,723,782,6178,188,2026,1338,7921,20277,221808,0,0
2020,capitulo_cid10,Estado,Região Sul,Paraná,PR,11013,14939,278,4986,1084,3486,1,4,20224,7293,4280,281,327,2169,84,780,565,2054,8725,82573,0,0
2020,capitulo_cid10,Estado,Região Sul,Santa Catarina,SC,6732,9344,164,2513,393,1550,0,5,11447,4123,2097,150,173,1254,37,526,331,1263,4342,46444,0,0
2020,capitulo_cid10,Estado,Região Sul,Rio Grande do Sul,RS,12531,19197,260,6227,918,4326,0,3,21068,7980,3909,292,282,2755,67,720,442,4604,7210,92791,0,0
2020,capitulo_cid10,Regiao,Região Centro-Oeste,,,21120,15366,416,5639,1211,3213,0,7,23985,9286,4919,302,368,2924,183,1457,884,3127,12617,107024,0,0
2020,capitulo_cid10,Estado,Região Centro-Oeste,Mato Grosso do Sul,MS,2823,2860,71,831,90,576,0,0,5157,2008,918,96,78,639,16,257,138,587,1906,19051,0,0
2020,capitulo_cid10,Estado,Região Centro-Oeste,Mato Grosso,MT,5207,2953,107,1446,227,546,0,2,4570,1734,822,43,64,626,55,346,208,1299,3142,23397,0,0
2020,capitulo_cid10,Estado,Região Centro-Oeste,Goiás,GO,9320,6768,168,2603,581,1476,0,2,11010,4374,2392,113,165,1357,90,625,360,896,6058,48358,0,0
2020,capitulo_cid10,Estado,Região Centro-Oeste,Distrito Federal,DF,3770,2785,70,759,313,615,0,3,3248,1170,787,50,61,302,22,229,178,345,1511,16218,0,0
2021,capitulo_cid10,Regiao,Região Norte,,,35680,12156,561,6512,662,1937,3,15,21279,9085,4150,320,367,2384,479,2588,1148,7624,14404,121354,0,0
2021,capitulo_cid10,Estado,Região Norte,Rondônia,RO,5301,1415,52,713,70,206,0,2,2237,794,363,14,42,302,46,171,97,719,1498,14042,0,0
2021,capitulo_cid10,Estado,Região Norte,Acre,AC,1517,531,37,249,29,80,1,2,861,616,156,5,8,131,15,154,55,580,469,5496,0,0
2021,capitulo_cid10,Estado,Região Norte,Amazonas,AM,10337,2696,123,1505,105,391,2,2,4009,1940,829,81,101,421,127,620,310,2178,3303,29080,0,0
2021,capitulo_cid10,Estado,Região Norte,Roraima,RR,1412,425,17,231,10,52,0,1,638,266,164,10,24,63,40,108,54,132,659,4306,0,0
2021,capitulo_cid10,Estado,Região Norte,Pará,PA,12777,5338,276,2852,295,911,0,7,10267,4399,1952,186,160,1184,186,1191,478,3525,6182,52166,0,0
2021,capitulo_cid10,Estado,Região Norte,Amapá,AP,1236,516,24,268,16,79,0,0,725,356,159,10,10,85,19,164,62,237,784,4750,0,0
2021,capitulo_cid10,Estado,Região Norte,Tocantins,TO,3100,1235,32,694,137,218,0,1,2542,714,527,14,22,198,46,180,92,253,1509,11514,0,0
2021,capitulo_cid10,Regiao,Região Nordeste,,,92273,52810,2013,29072,5431,10642,7,46,99733,34453,18893,2551,1690,10510,957,6099,2873,26187,47632,443872,0,0
2021,capitulo_cid10,Estado,Região Nordeste,Maranhão,MA,9142,4561,203,3407,363,758,0,5,11151,3308,2038,212,127,854,166,889,366,2048,5056,44654,0,0
2021,capitulo_cid10,Estado,Região Nordeste,Piauí,PI,5389,3004,121,1593,244,616,0,2,6887,2048,1065,134,74,466,68,362,197,1290,2652,26212,0,0
2021,capitulo_cid10,Estado,Região Nordeste,Ceará,CE,18254,9545,265,3235,917,2372,0,10,15941,6345,3053,410,287,1520,146,760,380,2086,8157,73683,0,0
2021,capitulo_cid10,Estado,Região Nordeste,Rio Grande do Norte,RN,5902,3613,129,1656,251,722,0,3,6139,2151,1127,192,208,665,71,329,180,857,2576,26771,0,0
2021,capitulo_cid10,Estado,Região Nordeste,Paraíba,PB,7293,4249,151,2568,273,874,2,1,8057,3008,1396,182,102,1065,79,458,202,1737,2981,34678,0,0
2021,capitulo_cid10,Estado,Região Nordeste,Pernambuco,PE,15786,9524,306,5940,1304,1974,0,8,17214,7764,3601,617,375,2412,119,916,539,4066,8252,80717,0,0
2021,capitulo_cid10,Estado,Região Nordeste,Alagoas,AL,5262,2682,103,1917,296,443,1,5,6177,1712,1131,137,99,541,58,389,168,1496,2473,25090,0,0
2021,capitulo_cid10,Estado,Região Nordeste,Sergipe,SE,4051,1817,95,1036,349,432,0,3,3345,903,671,105,34,430,33,255,126,1149,1841,16675,0,0
2021,capitulo_cid10,Estado,Região Nordeste,Bahia,BA,21194,13815,640,7720,1434,2451,4,9,24822,7214,4811,562,384,2557,217,1741,715,11458,13644,115392,0,0
2021,capitulo_cid10,Regiao,Região Sudeste,,,231051,110148,3419,39968,8183,23310,11,73,177183,69906,32820,4092,2949,27674,1207,6427,3662,48404,53247,843734,0,0
2021,capitulo_cid10,Estado,Região Sudeste,Minas Gerais,MG,50866,25232,855,9305,2802,5582,3,14,37799,15096,7682,769,784,5929,248,1525,924,11304,13366,190085,0,0
2021,capitulo_cid10,Estado,Região Sudeste,Espírito Santo,ES,8128,4475,88,2227,431,1356,0,5,7146,1878,1212,165,152,912,64,327,239,252,3744,32801,0,0
2021,capitulo_cid10,Estado,Região Sudeste,Rio de Janeiro,RJ,49188,22055,976,8914,1328,3932,2,18,39123,16548,5884,1093,540,6746,369,1376,655,17451,13034,189232,0,0
2021,capitulo_cid10,Estado,Região Sudeste,São Paulo,SP,122869,58386,1500,19522,3622,12440,6,36,93115,36384,18042,2065,1473,14087,526,3199,1844,19397,23103,431616,0,0
2021,capitulo_cid10,Regiao,Região Sul,,,83068,44989,842,15465,2823,10547,2,17,58508,20089,10965,848,774,7166,434,1982,1379,8916,21412,290226,0,0
2021,capitulo_cid10,Estado,Região Sul,Paraná,PR,35553,15392,334,5641,1293,3819,0,6,22279,7415,4583,298,333,2578,203,744,533,2430,9172,112606,0,0
2021,capitulo_cid10,Estado,Região Sul,Santa Catarina,SC,16491,9738,195,2927,423,1841,1,6,12882,4329,2227,167,159,1533,103,517,348,1436,4575,59898,0,0
2021,capitulo_cid10,Estado,Região Sul,Rio Grande do Sul,RS,31024,19859,313,6897,1107,4887,1,5,23347,8345,4155,383,282,3055,128,721,498,5050,7665,117722,0,0
2021,capitulo_cid10,Regiao,Região Centro-Oeste,,,44595,15702,461,5801,1310,3091,1,5,25804,8935,5489,358,390,3124,331,1506,930,3003,12627,133463,0,0
2021,capitulo_cid10,Estado,Região Centro-Oeste,Mato Grosso do Sul,MS,7694,3040,87,930,106,552,1,2,5526,2062,973,107,90,673,63,223,149,680,2091,25049,0,0
2021,capitulo_cid10,Estado,Região Centro-Oeste,Mato Grosso,MT,10128,2977,113,1423,268,529,0,2,4797,1544,946,46,60,623,87,393,238,1280,3169,28623,0,0
2021,capitulo_cid10,Estado,Região Centro-Oeste,Goiás,GO,20301,6875,193,2631,534,1411,0,1,12192,4313,2722,160,178,1448,140,651,381,676,5905,60712,0,0
2021,capitulo_cid10,Estado,Região Centro-Oeste,Distrito Federal,DF,6472,2810,68,817,402,599,0,0,3289,1016,848,45,62,380,41,239,162,367,1462,19079,0,0
2022,capitulo_cid10,Regiao,Região Norte,,,8984,12887,538,6157,643,2232,1,10,22020,10485,4296,470,374,2563,234,2261,1143,6659,14595,96552,0,0
2022,capitulo_cid10,Estado,Região Norte,Rondônia,RO,1022,1528,56,667,79,248,0,0,2286,975,382,22,31,319,11,195,88,769,1599,10277,0,0
2022,capitulo_cid10,Estado,Região Norte,Acre,AC,365,583,34,225,23,77,0,0,910,629,152,13,15,109,5,113,61,323,522,4159,0,0
2022,capitulo_cid10,Estado,Região Norte,Amazonas,AM,1927,2864,124,1425,97,486,0,5,4016,1877,906,77,90,465,55,540,330,1649,3222,20155,0,0
2022,capitulo_cid10,Estado,Região Norte,Roraima,RR,292,455,19,181,6,84,0,0,675,320,136,20,25,115,21,87,60,139,611,3246,0,0
2022,capitulo_cid10,Estado,Região Norte,Pará,PA,4272,5689,244,2786,264,1036,1,2,10704,5319,2110,290,181,1210,109,1053,445,3350,6434,45499,0,0
2022,capitulo_cid10,Estado,Região Norte,Amapá,AP,350,510,23,220,20,68,0,0,826,460,142,10,13,108,12,131,62,200,691,3846,0,0
2022,capitulo_cid10,Estado,Região Norte,Tocantins,TO,756,1258,38,653,154,233,0,3,2603,905,468,38,19,237,21,142,97,229,1516,9370,0,0
2022,capitulo_cid10,Regiao,Região Nordeste,,,30808,54548,2146,29024,5930,12194,13,73,104694,44971,20474,3167,1767,11923,526,5773,2967,24321,47813,403132,0,0
2022,capitulo_cid10,Estado,Região Nordeste,Maranhão,MA,2736,4695,234,3261,410,868,1,11,11750,4013,2226,267,134,947,85,800,430,2214,4854,39936,0,0
2022,capitulo_cid10,Estado,Região Nordeste,Piauí,PI,1727,3084,135,1916,311,755,2,2,7287,2637,1245,169,62,570,53,370,209,1166,2643,24343,0,0
2022,capitulo_cid10,Estado,Região Nordeste,Ceará,CE,5296,9954,297,3277,1133,2563,2,14,16426,8618,3451,567,294,1844,79,774,403,1491,8181,64664,0,0
2022,capitulo_cid10,Estado,Região Nordeste,Rio Grande do Norte,RN,1904,3680,140,1690,239,863,0,9,6673,2771,1196,214,183,842,35,288,149,834,2509,24219,0,0
2022,capitulo_cid10,Estado,Região Nordeste,Paraíba,PB,2687,4489,132,2520,381,961,0,5,8623,4025,1519,220,136,1105,24,441,219,1848,3070,32405,0,0
2022,capitulo_cid10,Estado,Região Nordeste,Pernambuco,PE,5711,9616,319,5311,1340,2172,2,9,17215,8764,3846,752,433,2742,73,869,518,3817,8502,72011,0,0
2022,capitulo_cid10,Estado,Região Nordeste,Alagoas,AL,1996,2657,126,1876,299,555,1,5,6731,2351,1121,148,100,657,35,355,138,1487,2484,23122,0,0
2022,capitulo_cid10,Estado,Região Nordeste,Sergipe,SE,989,1884,86,1149,317,484,1,5,3463,1515,739,128,46,490,33,291,149,1100,1922,14791,0,0
2022,capitulo_cid10,Estado,Região Nordeste,Bahia,BA,7762,14489,677,8024,1500,2973,4,13,26526,10277,5131,702,379,2726,109,1585,752,10364,13648,107641,0,0
2022,capitulo_cid10,Regiao,Região Sudeste,,,61924,113545,3451,37316,8138,26223,11,123,184600,81611,34176,4477,3390,30446,562,6482,3851,40295,54848,695469,0,0
2022,capitulo_cid10,Estado,Região Sudeste,Minas Gerais,MG,14093,26214,913,9138,3038,6535,2,31,39147,19660,7969,894,867,6224,125,1588,939,11217,14021,162615,0,0
2022,capitulo_cid10,Estado,Região Sudeste,Espírito Santo,ES,2157,4663,100,1892,375,1420,3,8,7552,2441,1253,152,153,1088,35,301,231,352,3816,27992,0,0
2022,capitulo_cid10,Estado,Região Sudeste,Rio de Janeiro,RJ,13774,22806,901,8035,1335,4291,3,25,38509,16856,6039,1238,704,7738,161,1279,687,13746,12679,150806,0,0
2022,capitulo_cid10,Estado,Região Sudeste,São Paulo,SP,31900,59862,1537,18251,3390,13977,3,59,99392,42654,18915,2193,1666,15396,241,3314,1994,14980,24332,354056,0,0
2022,capitulo_cid10,Regiao,Região Sul,,,20132,46762,830,15647,3333,12304,3,22,62490,27473,11692,948,948,7784,177,2063,1517,8523,22573,245221,0,0
2022,capitulo_cid10,Estado,Região Sul,Paraná,PR,7192,15876,327,5388,1377,4348,1,10,23502,10069,4921,364,411,2679,69,808,547,2018,9901,89808,0,0
2022,capitulo_cid10,Estado,Região Sul,Santa Catarina,SC,4124,10329,169,3041,392,2131,1,4,13523,5985,2397,217,199,1689,41,533,359,1421,4762,51317,0,0
2022,capitulo_cid10,Estado,Região Sul,Rio Grande do Sul,RS,8816,20557,334,7218,1564,5825,1,8,25465,11419,4374,367,338,3416,67,722,611,5084,7910,104096,0,0
2022,capitulo_cid10,Regiao,Região Centro-Oeste,,,9952,16267,519,5697,1211,3479,1,16,26350,11533,5847,452,506,3587,141,1450,969,2799,13116,103892,0,0
2022,capitulo_cid10,Estado,Região Centro-Oeste,Mato Grosso do Sul,MS,1714,3090,89,1030,95,619,1,6,5656,2648,1120,116,93,797,29,232,166,672,2261,20434,0,0
2022,capitulo_cid10,Estado,Região Centro-Oeste,Mato Grosso,MT,2105,3151,125,1505,241,600,0,0,5048,1940,1068,63,80,654,34,404,256,1036,3421,21731,0,0
2022,capitulo_cid10,Estado,Região Centro-Oeste,Goiás,GO,4749,7241,225,2397,500,1550,0,8,12325,5645,2765,204,247,1723,57,622,362,724,5926,47270,0,0
2022,capitulo_cid10,Estado,Região Centro-Oeste,Distrito Federal,DF,1384,2785,80,765,375,710,0,2,3321,1300,894,69,86,413,21,192,185,367,1508,14457,0,0
2023,capitulo_cid10,Regiao,Região Norte,,,5450,13858,584,6089,692,2428,1,15,22560,10546,4493,446,371,2872,221,2291,1245,5992,14323,94477,0,0
2023,capitulo_cid10,Estado,Região Norte,Rondônia,RO,489,1595,50,636,87,305,0,1,2386,1085,416,19,37,384,11,154,90,692,1537,9974,0,0
2023,capitulo_cid10,Estado,Região Norte,Acre,AC,260,660,32,230,13,94,1,1,948,634,186,6,9,138,6,124,49,241,557,4189,0,0
2023,capitulo_cid10,Estado,Região Norte,Amazonas,AM,1349,3074,122,1494,121,565,0,2,4331,2034,974,55,96,515,65,545,342,1589,3112,20385,0,0
2023,capitulo_cid10,Estado,Região Norte,Roraima,RR,234,487,21,188,7,61,0,3,696,356,154,15,24,132,17,129,69,120,598,3311,0,0
2023,capitulo_cid10,Estado,Região Norte,Pará,PA,2613,6112,299,2714,298,1097,0,5,10851,5055,2154,300,171,1384,92,1064,500,2893,6178,43780,0,0
2023,capitulo_cid10,Estado,Região Norte,Amapá,AP,176,553,22,202,19,65,0,3,842,525,130,18,13,90,12,122,81,220,833,3926,0,0
2023,capitulo_cid10,Estado,Região Norte,Tocantins,TO,329,1377,38,625,147,241,0,0,2506,857,479,33,21,229,18,153,114,237,1508,8912,0,0
2023,capitulo_cid10,Regiao,Região Nordeste,,,18766,57741,2097,25671,5222,11979,19,82,102356,41912,20703,3211,1891,12096,487,5417,3127,19389,48480,380646,0,0
2023,capitulo_cid10,Estado,Região Nordeste,Maranhão,MA,1867,4855,232,2966,400,860,1,11,11455,3884,2112,309,140,1108,93,758,444,2097,5155,38747,0,0
2023,capitulo_cid10,Estado,Região Nordeste,Piauí,PI,932,3099,125,1788,323,792,0,4,6640,2487,1164,159,75,571,28,344,234,1021,2743,22529,0,0
2023,capitulo_cid10,Estado,Região Nordeste,Ceará,CE,3055,10458,282,2796,986,2540,3,11,15229,8521,3296,488,317,1732,65,753,458,1339,8306,60635,0,0
2023,capitulo_cid10,Estado,Região Nordeste,Rio Grande do Norte,RN,1095,3910,127,1493,259,851,1,5,6143,2544,1193,197,193,825,29,252,169,763,2253,22302,0,0
2023,capitulo_cid10,Estado,Região Nordeste,Paraíba,PB,1393,4554,167,2160,298,832,1,6,7840,3437,1688,246,127,1086,35,373,226,1301,3003,28773,0,0
2023,capitulo_cid10,Estado,Região Nordeste,Pernambuco,PE,3721,10241,298,4314,852,2056,6,10,18448,8093,4065,710,421,2741,77,757,550,2467,8700,68527,0,0
2023,capitulo_cid10,Estado,Região Nordeste,Alagoas,AL,1313,2839,119,1619,296,524,2,8,6632,2198,1216,178,120,655,34,368,160,993,2691,21965,0,0
2023,capitulo_cid10,Estado,Região Nordeste,Sergipe,SE,657,2150,68,1015,326,425,0,6,3441,1271,723,132,54,517,14,299,150,979,1860,14087,0,0
2023,capitulo_cid10,Estado,Região Nordeste,Bahia,BA,4733,15635,679,7520,1482,3099,5,21,26528,9477,5246,792,444,2861,112,1513,736,8429,13769,103081,0,0
2023,capitulo_cid10,Regiao,Região Sudeste,,,34297,118268,3531,36019,8114,26604,11,143,178646,81455,34249,5060,3524,31686,585,6404,3856,35985,55931,664369,1,0
2023,capitulo_cid10,Estado,Região Sudeste,Minas Gerais,MG,8325,27215,893,8904,3014,6977,1,42,37828,20018,8003,997,909,6783,121,1518,991,10393,14670,157603,1,0
2023,capitulo_cid10,Estado,Região Sudeste,Espírito Santo,ES,929,5040,109,2119,314,1504,1,3,7354,2178,1454,203,140,1235,26,309,246,192,3959,27315,0,0
2023,capitulo_cid10,Estado,Região Sudeste,Rio de Janeiro,RJ,9234,23821,1018,7992,1295,4223,5,29,37926,16984,6033,1330,674,7817,182,1287,676,11770,12852,145148,0,0
2023,capitulo_cid10,Estado,Região Sudeste,São Paulo,SP,15809,62192,1511,17004,3491,13900,4,69,95538,42275,18759,2530,1801,15851,256,3290,1943,13630,24450,334303,0,0
2023,capitulo_cid10,Regiao,Região Sul,,,9918,47895,799,14468,3026,12182,1,34,58393,24583,11512,1020,1004,7613,162,1981,1531,7107,22340,225570,1,0
2023,capitulo_cid10,Estado,Região Sul,Paraná,PR,3457,16523,339,4909,1255,4420,0,15,22083,9323,4902,419,460,2638,69,822,609,1853,9368,83465,1,0
2023,capitulo_cid10,Estado,Região Sul,Santa Catarina,SC,1996,10840,157,3059,402,2224,0,8,13188,5263,2373,210,199,1703,36,477,363,1147,4944,48589,0,0
2023,capitulo_cid10,Estado,Região Sul,Rio Grande do Sul,RS,4465,20532,303,6500,1369,5538,1,11,23122,9997,4237,391,345,3272,57,682,559,4107,8028,93516,0,0
2023,capitulo_cid10,Regiao,Região Centro-Oeste,,,5011,17275,512,5720,1312,3677,2,20,26222,11636,5915,510,543,3722,149,1523,1021,2655,13123,100548,0,0
2023,capitulo_cid10,Estado,Região Centro-Oeste,Mato Grosso do Sul,MS,847,3259,103,987,127,634,1,1,5639,2487,1105,144,115,796,26,259,199,677,2232,19638,0,0
2023,capitulo_cid10,Estado,Região Centro-Oeste,Mato Grosso,MT,1023,3402,125,1643,267,684,0,7,5277,1983,1066,72,110,809,45,433,250,1035,3559,21790,0,0
2023,capitulo_cid10,Estado,Região Centro-Oeste,Goiás,GO,2352,7686,202,2403,508,1720,1,11,11991,5668,2833,202,229,1690,57,610,419,635,5824,45041,0,0
2023,capitulo_cid10,Estado,Região Centro-Oeste,Distrito Federal,DF,789,2928,82,687,410,639,0,1,3315,1498,911,92,89,427,21,221,153,308,1508,14079,0,0
2024,capitulo_cid10,Regiao,Região Norte,,,5309,14431,583,6101,689,2433,4,23,23405,10760,4820,624,460,2927,192,2106,1185,6010,14287,96349,0,0
2024,capitulo_cid10,Estado,Região Norte,Rondônia,RO,495,1587,45,671,86,312,0,3,2444,1123,424,37,38,354,7,161,89,629,1592,10097,0,0
2024,capitulo_cid10,Estado,Região Norte,Acre,AC,209,726,26,188,18,134,0,0,985,611,210,16,14,129,8,105,66,253,569,4267,0,0
2024,capitulo_cid10,Estado,Região Norte,Amazonas,AM,1378,3204,154,1478,150,495,1,6,4313,1891,1024,79,101,497,43,505,323,1564,3019,20225,0,0
2024,capitulo_cid10,Estado,Região Norte,Roraima,RR,193,526,15,151,10,60,0,3,688,290,157,25,17,93,17,90,56,108,556,3055,0,0
2024,capitulo_cid10,Estado,Região Norte,Pará,PA,2466,6377,271,2753,283,1124,3,10,11328,5336,2347,410,231,1440,90,961,482,3120,6343,45375,0,0
2024,capitulo_cid10,Estado,Região Norte,Amapá,AP,226,594,18,220,22,64,0,0,944,468,141,17,21,129,11,109,60,158,701,3903,0,0
2024,capitulo_cid10,Estado,Região Norte,Tocantins,TO,342,1417,54,640,120,244,0,1,2703,1041,517,40,38,285,16,175,109,178,1507,9427,0,0
2024,capitulo_cid10,Regiao,Região Nordeste,,,18849,60737,2143,26497,5779,12606,14,91,103815,46179,21956,3957,1925,13343,454,5059,2905,18109,50488,394906,0,0
2024,capitulo_cid10,Estado,Região Nordeste,Maranhão,MA,1951,5237,249,3081,420,880,1,11,11262,4156,2276,381,117,1129,71,690,363,2295,5573,40143,0,0
2024,capitulo_cid10,Estado,Região Nordeste,Piauí,PI,1004,3421,134,1748,330,837,0,2,6629,2790,1278,178,78,599,42,304,196,974,2932,23476,0,0
2024,capitulo_cid10,Estado,Região Nordeste,Ceará,CE,2978,10876,291,2978,1259,2542,1,13,15653,8696,3546,569,375,2027,62,655,460,1474,9041,63496,0,0
2024,capitulo_cid10,Estado,Região Nordeste,Rio Grande do Norte,RN,1087,4084,113,1490,345,947,2,4,6389,2832,1230,235,205,935,37,298,157,783,2354,23527,0,0
2024,capitulo_cid10,Estado,Região Nordeste,Paraíba,PB,1493,4729,143,2228,310,863,0,4,7874,4099,1603,251,133,1248,30,356,183,1415,3191,30153,0,0
2024,capitulo_cid10,Estado,Região Nordeste,Pernambuco,PE,3425,10886,311,4578,796,2210,3,23,18733,8970,4274,889,398,2916,59,776,520,2160,8866,70793,0,0
2024,capitulo_cid10,Estado,Região Nordeste,Alagoas,AL,1337,2892,120,1583,262,508,2,10,6480,2628,1292,236,114,748,26,369,153,1014,2879,22653,0,0
2024,capitulo_cid10,Estado,Região Nordeste,Sergipe,SE,614,2328,65,985,293,475,0,5,3392,1531,753,188,53,607,18,216,131,976,1823,14453,0,0
2024,capitulo_cid10,Estado,Região Nordeste,Bahia,BA,4960,16284,717,7826,1764,3344,5,19,27403,10477,5704,1030,452,3134,109,1395,742,7018,13829,106212,0,0
2024,capitulo_cid10,Regiao,Região Sudeste,,,34516,121954,3497,36500,8626,26973,13,188,182582,93894,36204,6027,3822,33598,564,5787,3692,35103,58042,691582,0,0
2024,capitulo_cid10,Estado,Região Sudeste,Minas Gerais,MG,9632,27850,940,8961,3113,6696,4,44,37548,22611,8473,1245,951,7065,140,1391,934,10618,15452,163668,0,0
2024,capitulo_cid10,Estado,Região Sudeste,Espírito Santo,ES,808,5330,93,2277,240,1644,0,12,8062,2127,1343,217,125,1195,30,311,242,62,4024,28142,0,0
2024,capitulo_cid10,Estado,Região Sudeste,Rio de Janeiro,RJ,7634,24775,971,8117,1386,4590,2,39,38384,19526,6328,1577,763,8331,140,1148,639,10967,12839,148156,0,0
2024,capitulo_cid10,Estado,Região Sudeste,São Paulo,SP,16442,63999,1493,17145,3887,14043,7,93,98588,49630,20060,2988,1983,17007,254,2937,1877,13456,25727,351616,0,0
2024,capitulo_cid10,Regiao,Região Sul,,,10803,49763,856,15242,3328,13846,4,39,61591,30036,12352,1339,1149,8545,216,1936,1531,7111,23139,242826,0,0
2024,capitulo_cid10,Estado,Região Sul,Paraná,PR,3759,17165,327,5280,1419,5078,4,14,22650,11521,5176,479,485,2823,98,752,611,1600,9881,89122,0,0
2024,capitulo_cid10,Estado,Região Sul,Santa Catarina,SC,2271,11189,168,3219,341,2486,0,12,13980,6203,2587,283,234,1966,54,537,379,1237,5078,52224,0,0
2024,capitulo_cid10,Estado,Região Sul,Rio Grande do Sul,RS,4773,21409,361,6743,1568,6282,0,13,24961,12312,4589,577,430,3756,64,647,541,4274,8180,101480,0,0
2024,capitulo_cid10,Regiao,Região Centro-Oeste,,,5893,17960,515,5838,1171,3898,1,30,27212,13194,6211,724,608,4236,158,1365,1005,2755,13578,106352,0,0
2024,capitulo_cid10,Estado,Região Centro-Oeste,Mato Grosso do Sul,MS,855,3407,80,948,119,653,0,4,5519,2488,1147,181,137,877,20,222,189,695,2300,19841,0,0
2024,capitulo_cid10,Estado,Região Centro-Oeste,Mato Grosso,MT,1006,3594,122,1539,228,661,0,13,5532,2454,1173,95,120,873,34,385,254,1122,3598,22803,0,0
2024,capitulo_cid10,Estado,Região Centro-Oeste,Goiás,GO,2768,7755,230,2714,544,1889,1,11,12304,6450,2924,329,234,1900,86,574,410,684,6023,47830,0,0
2024,capitulo_cid10,Estado,Região Centro-Oeste,Distrito Federal,DF,1264,3204,83,637,280,695,0,2,3857,1802,967,119,117,586,18,184,152,254,1657,15878,0,0
2025,capitulo_cid10,Regiao,Região Norte,,,5462,14983,604,6586,815,2614,1,19,24085,11144,4964,576,461,2986,208,2221,1169,5833,14182,98913,0,0
2025,capitulo_cid10,Estado,Região Norte,Rondônia,RO,459,1788,47,752,99,326,0,4,2505,1190,425,35,43,409,16,173,87,619,1582,10559,0,0
2025,capitulo_cid10,Estado,Região Norte,Acre,AC,233,736,27,182,20,84,0,0,1007,568,227,17,35,139,8,115,60,209,572,4239,0,0
2025,capitulo_cid10,Estado,Região Norte,Amazonas,AM,1406,3201,166,1546,141,581,0,5,4501,2063,991,75,92,531,54,559,305,1611,2547,20375,0,0
2025,capitulo_cid10,Estado,Região Norte,Roraima,RR,196,531,21,188,13,88,0,2,679,377,174,37,15,107,11,97,53,115,664,3368,0,0
2025,capitulo_cid10,Estado,Região Norte,Pará,PA,2616,6662,285,3075,371,1177,1,5,11776,5421,2426,362,228,1384,98,1022,495,2811,6529,46744,0,0
2025,capitulo_cid10,Estado,Região Norte,Amapá,AP,206,589,13,216,25,86,0,0,953,521,172,11,17,133,9,121,52,211,653,3988,0,0
2025,capitulo_cid10,Estado,Região Norte,Tocantins,TO,346,1476,45,627,146,272,0,3,2664,1004,549,39,31,283,12,134,117,257,1635,9640,0,0
2025,capitulo_cid10,Regiao,Região Nordeste,,,17757,61719,2018,26207,5594,13333,11,80,103347,47710,22901,3851,2146,13724,454,4942,3011,17950,49521,396276,0,0
2025,capitulo_cid10,Estado,Região Nordeste,Maranhão,MA,1848,5156,222,3144,441,1036,1,5,11400,4643,2343,371,148,1290,75,676,373,2210,5551,40933,0,0
2025,capitulo_cid10,Estado,Região Nordeste,Piauí,PI,966,3460,139,1746,337,868,0,4,6310,2855,1233,194,75,614,34,301,211,1000,2874,23221,0,0
2025,capitulo_cid10,Estado,Região Nordeste,Ceará,CE,2866,10923,279,2896,1206,2724,2,18,15615,8707,3685,625,380,2107,47,678,413,1587,9142,63900,0,0
2025,capitulo_cid10,Estado,Região Nordeste,Rio Grande do Norte,RN,873,4259,120,1250,302,968,0,4,6371,2857,1348,206,191,965,25,278,159,732,2442,23350,0,0
2025,capitulo_cid10,Estado,Região Nordeste,Paraíba,PB,1411,4846,138,2183,363,976,1,8,7916,4241,1709,259,149,1379,36,353,212,1318,3049,30547,0,0
2025,capitulo_cid10,Estado,Região Nordeste,Pernambuco,PE,3498,10937,287,4603,772,2290,2,16,18269,8915,4584,859,457,2936,57,695,582,1962,8789,70510,0,0
2025,capitulo_cid10,Estado,Região Nordeste,Alagoas,AL,1311,2938,111,1588,228,560,1,3,6712,2731,1436,202,139,724,35,330,173,858,2856,22936,0,0
2025,capitulo_cid10,Estado,Região Nordeste,Sergipe,SE,556,2248,76,978,331,476,0,6,3636,1594,828,191,73,541,19,254,128,872,1773,14580,0,0
2025,capitulo_cid10,Estado,Região Nordeste,Bahia,BA,4428,16952,646,7819,1614,3435,4,16,27118,11167,5735,944,534,3168,126,1377,760,7411,13045,106299,0,0
2025,capitulo_cid10,Regiao,Região Sudeste,,,28133,124071,3504,36857,8708,27839,19,154,185146,97312,36942,6014,3862,34699,514,5773,3790,34432,58445,696214,0,0
2025,capitulo_cid10,Estado,Região Sudeste,Minas Gerais,MG,6786,28203,941,8848,2729,6624,8,34,37218,22782,8468,1148,976,7229,95,1431,925,9783,15544,159772,0,0
2025,capitulo_cid10,Estado,Região Sudeste,Espírito Santo,ES,740,5453,106,2411,314,1901,1,10,8417,2174,1387,204,113,1391,28,287,275,136,4053,29401,0,0
2025,capitulo_cid10,Estado,Região Sudeste,Rio de Janeiro,RJ,6393,25422,927,8689,1614,4974,4,35,40420,19835,6584,1664,829,8593,164,1197,690,10963,13287,152284,0,0
2025,capitulo_cid10,Estado,Região Sudeste,São Paulo,SP,14214,64993,1530,16909,4051,14340,6,75,99091,52521,20503,2998,1944,17486,227,2858,1900,13550,25561,354757,0,0
2025,capitulo_cid10,Regiao,Região Sul,,,8619,50315,870,15217,3464,13896,3,41,59048,29515,12498,1352,1195,8786,159,1992,1456,7608,21942,237976,0,0
2025,capitulo_cid10,Estado,Região Sul,Paraná,PR,2881,17572,327,5254,1379,5185,1,16,22102,11146,5359,587,519,2967,74,841,573,1733,9300,87816,0,0
2025,capitulo_cid10,Estado,Região Sul,Santa Catarina,SC,1722,11678,183,3266,469,2609,2,4,13537,6200,2654,287,261,1984,41,499,364,1315,5051,52126,0,0
2025,capitulo_cid10,Estado,Região Sul,Rio Grande do Sul,RS,4016,21065,360,6697,1616,6102,0,21,23409,12169,4485,478,415,3835,44,652,519,4560,7591,98034,0,0
2025,capitulo_cid10,Regiao,Região Centro-Oeste,,,4689,18316,521,6056,1073,4171,3,30,26496,13469,6181,715,671,4214,123,1366,973,3349,12793,105209,0,0
2025,capitulo_cid10,Estado,Região Centro-Oeste,Mato Grosso do Sul,MS,840,3405,84,1093,122,692,1,6,5385,2677,1161,179,138,916,25,247,187,665,2220,20043,0,0
2025,capitulo_cid10,Estado,Região Centro-Oeste,Mato Grosso,MT,1013,3812,146,1596,261,649,1,7,5512,2673,1222,128,127,875,30,408,248,1210,3131,23049,0,0
2025,capitulo_cid10,Estado,Região Centro-Oeste,Goiás,GO,2128,7933,214,2615,554,2030,0,12,11984,6298,2934,313,266,1882,57,542,394,967,5889,47012,0,0
2025,capitulo_cid10,Estado,Região Centro-Oeste,Distrito Federal,DF,708,3166,77,752,136,800,1,5,3615,1821,864,95,140,541,11,169,144,507,1553,15105,0,0
2026,capitulo_cid10,Regiao,Região Norte,,,1870,5432,212,2328,277,1087,1,13,8170,4218,1812,225,251,1208,82,773,354,2199,4324,34837,0,1
2026,capitulo_cid10,Estado,Região Norte,Rondônia,RO,142,602,17,217,29,127,0,3,908,433,205,18,14,155,6,50,25,220,462,3633,0,0
2026,capitulo_cid10,Estado,Região Norte,Acre,AC,66,258,10,72,3,38,0,1,306,197,68,5,5,57,2,40,19,193,170,1510,0,0
2026,capitulo_cid10,Estado,Região Norte,Amazonas,AM,478,1116,54,526,47,229,1,5,1436,735,351,24,50,249,23,191,71,526,805,6918,0,1
2026,capitulo_cid10,Estado,Região Norte,Roraima,RR,53,182,4,59,6,43,0,1,225,100,49,8,10,38,3,38,14,32,169,1034,0,0
2026,capitulo_cid10,Estado,Região Norte,Pará,PA,927,2513,100,1193,146,519,0,3,4087,2161,894,139,143,563,40,364,164,996,2006,16958,0,0
2026,capitulo_cid10,Estado,Região Norte,Amapá,AP,80,232,8,61,4,37,0,0,313,188,61,3,6,47,4,30,22,75,219,1390,0,0
2026,capitulo_cid10,Estado,Região Norte,Tocantins,TO,124,529,19,200,42,94,0,0,895,404,184,28,23,99,4,60,39,157,493,3394,0,0
2026,capitulo_cid10,Regiao,Região Nordeste,,,6154,21681,722,8785,1782,4816,3,20,34040,16984,8057,1399,814,4742,129,1982,1067,7719,16025,136922,0,1
2026,capitulo_cid10,Estado,Região Nordeste,Maranhão,MA,647,1932,96,1247,189,415,0,2,4171,1913,951,149,53,515,17,283,130,694,1927,15331,0,0
2026,capitulo_cid10,Estado,Região Nordeste,Piauí,PI,352,1172,54,526,120,261,0,2,2273,1090,450,102,35,204,13,100,56,352,950,8112,0,0
2026,capitulo_cid10,Estado,Região Nordeste,Ceará,CE,1114,4036,88,1042,387,1033,0,3,5475,3383,1361,243,155,726,19,235,156,923,2708,23087,0,0
2026,capitulo_cid10,Estado,Região Nordeste,Rio Grande do Norte,RN,325,1502,32,495,103,336,0,2,2133,997,444,80,81,298,7,103,61,266,789,8054,0,0
2026,capitulo_cid10,Estado,Região Nordeste,Paraíba,PB,499,1853,56,797,127,383,0,1,2701,1544,625,102,70,473,12,171,71,520,1087,11092,0,0
2026,capitulo_cid10,Estado,Região Nordeste,Pernambuco,PE,1169,3636,100,1498,235,814,1,5,5795,3088,1502,262,155,947,21,261,196,1005,2727,23417,0,0
2026,capitulo_cid10,Estado,Região Nordeste,Alagoas,AL,411,1064,35,502,89,202,2,0,2167,854,499,70,38,276,8,159,82,410,871,7739,0,0
2026,capitulo_cid10,Estado,Região Nordeste,Sergipe,SE,226,775,39,397,99,181,0,1,1234,616,289,56,32,185,2,117,36,373,679,5338,0,1
2026,capitulo_cid10,Estado,Região Nordeste,Bahia,BA,1411,5711,222,2281,433,1191,0,4,8091,3499,1936,335,195,1118,30,553,279,3176,4287,34752,0,0
2026,capitulo_cid10,Regiao,Região Sudeste,,,8854,42494,1136,10855,2872,8920,3,53,56274,28001,12412,2043,1438,11762,167,2031,1218,12195,18667,221396,0,1
2026,capitulo_cid10,Estado,Região Sudeste,Minas Gerais,MG,2154,9427,303,2548,859,2042,1,10,11031,6739,2872,416,374,2482,28,471,284,3206,4505,49753,0,1
2026,capitulo_cid10,Estado,Região Sudeste,Espírito Santo,ES,280,1775,42,616,98,552,0,1,2329,845,465,72,57,367,7,92,88,62,1338,9086,0,0
2026,capitulo_cid10,Estado,Região Sudeste,Rio de Janeiro,RJ,2135,8428,310,2660,521,1605,0,12,12231,5843,2081,548,271,2821,62,389,226,3868,4275,48286,0,0
2026,capitulo_cid10,Estado,Região Sudeste,São Paulo,SP,4285,22864,481,5031,1394,4721,2,30,30683,14574,6994,1007,736,6092,70,1079,620,5059,8549,114271,0,0
2026,capitulo_cid10,Regiao,Região Sul,,,2884,17712,327,4309,1010,4293,2,16,17990,8216,4260,467,397,3006,59,767,492,4004,7516,77727,0,0
2026,capitulo_cid10,Estado,Região Sul,Paraná,PR,973,6404,137,1546,381,1701,1,8,6997,3388,1923,214,155,1160,32,317,184,1314,3289,30124,0,0
2026,capitulo_cid10,Estado,Região Sul,Santa Catarina,SC,569,4299,67,1022,167,895,0,4,4227,1697,913,97,95,628,14,202,141,517,1838,17392,0,0
2026,capitulo_cid10,Estado,Região Sul,Rio Grande do Sul,RS,1342,7009,123,1741,462,1697,1,4,6766,3131,1424,156,147,1218,13,248,167,2173,2389,30211,0,0
2026,capitulo_cid10,Regiao,Região Centro-Oeste,,,1580,6570,182,1925,400,1323,1,6,8468,4207,2115,265,250,1562,40,471,289,2030,3965,35649,0,0
2026,capitulo_cid10,Estado,Região Centro-Oeste,Mato Grosso do Sul,MS,290,1261,42,443,28,255,0,1,1723,758,491,65,58,364,10,77,54,329,729,6978,0,0
2026,capitulo_cid10,Estado,Região Centro-Oeste,Mato Grosso,MT,351,1404,49,445,84,202,0,3,1799,1015,461,42,55,338,13,150,78,746,893,8128,0,0
2026,capitulo_cid10,Estado,Região Centro-Oeste,Goiás,GO,730,2773,61,778,139,623,1,2,3763,1908,887,118,86,685,12,179,112,683,1835,15375,0,0
2026,capitulo_cid10,Estado,Região Centro-Oeste,Distrito Federal,DF,209,1132,30,259,149,243,0,0,1183,526,276,40,51,175,5,65,45,272,508,5168,0,0
