ano,dimensao,nivel,regiao,uf,sigla,Menor 1 ano,1 a 4 anos,5 a 9 anos,10 a 14 anos,15 a 19 anos,20 a 29 anos,30 a 39 anos,40 a 49 anos,50 a 59 anos,60 a 69 anos,70 a 79 anos,80 anos e mais,Idade ignorada,Total
2016,faixa_etaria,Regiao,Região Norte,,,4770,982,507,637,2543,6164,6171,6608,9037,11575,13742,16979,390,80105
2016,faixa_etaria,Estado,Região Norte,Rondônia,RO,357,62,30,56,182,468,617,756,1043,1416,1589,1736,32,8344
2016,faixa_etaria,Estado,Região Norte,Acre,AC,239,59,28,30,153,254,254,313,405,519,669,832,8,3763
2016,faixa_etaria,Estado,Região Norte,Amazonas,AM,1225,253,121,140,535,1380,1282,1290,1936,2373,2750,3434,80,16799
2016,faixa_etaria,Estado,Região Norte,Roraima,RR,210,55,17,26,67,185,157,191,242,330,297,375,5,2157
2016,faixa_etaria,Estado,Região Norte,Pará,PA,2157,435,230,306,1259,3138,3044,3157,4182,5520,6602,8282,245,38557
2016,faixa_etaria,Estado,Região Norte,Amapá,AP,284,50,36,30,154,258,243,277,370,380,430,483,0,2995
2016,faixa_etaria,Estado,Região Norte,Tocantins,TO,298,68,45,49,193,481,574,624,859,1037,1405,1837,20,7490
2016,faixa_etaria,Regiao,Região Nordeste,,,11505,1868,1097,1645,8014,19847,20679,25740,37909,51628,66171,100471,521,347095
2016,faixa_etaria,Estado,Região Nordeste,Maranhão,MA,1656,284,189,243,833,2355,2565,2688,3617,5023,6449,8409,51,34362
2016,faixa_etaria,Estado,Região Nordeste,Piauí,PI,763,113,72,96,333,995,1188,1328,2026,2837,3746,5658,32,19187
2016,faixa_etaria,Estado,Região Nordeste,Ceará,CE,1596,276,153,228,1250,2999,2994,3748,5505,7530,10322,17643,32,54276
2016,faixa_etaria,Estado,Região Nordeste,Rio Grande do Norte,RN,581,107,55,86,551,1355,1210,1523,2242,2988,4081,7141,2,21922
2016,faixa_etaria,Estado,Região Nordeste,Paraíba,PB,709,126,90,130,454,1122,1367,1954,2722,4137,5639,9586,5,28041
2016,faixa_etaria,Estado,Região Nordeste,Pernambuco,PE,1821,303,168,251,1292,3411,3525,4887,7610,10546,13650,19269,195,66928
2016,faixa_etaria,Estado,Região Nordeste,Alagoas,AL,689,130,71,111,629,1275,1289,1658,2415,3478,4057,4963,4,20769
2016,faixa_etaria,Estado,Região Nordeste,Sergipe,SE,495,73,40,79,390,960,935,1110,1562,1940,2424,3505,3,13516
2016,faixa_etaria,Estado,Região Nordeste,Bahia,BA,3195,456,259,421,2282,5375,5606,6844,10210,13149,15803,24297,197,88094
2016,faixa_etaria,Regiao,Região Sudeste,,,13193,2120,1065,1617,7013,18341,24493,39903,75079,107896,123630,179323,1900,595573
2016,faixa_etaria,Estado,Região Sudeste,Minas Gerais,MG,2912,507,297,465,1777,4763,6164,9823,16993,23192,27615,40663,86,135257
2016,faixa_etaria,Estado,Região Sudeste,Espírito Santo,ES,624,133,63,93,441,1029,1207,1736,2889,3782,4401,6453,17,22868
2016,faixa_etaria,Estado,Região Sudeste,Rio de Janeiro,RJ,2990,466,220,379,2210,5065,5481,8661,17334,26289,29111,41795,1088,141089
2016,faixa_etaria,Estado,Região Sudeste,São Paulo,SP,6667,1014,485,680,2585,7484,11641,19683,37863,54633,62503,90412,709,296359
2016,faixa_etaria,Regiao,Região Sul,,,3903,679,356,588,2498,6764,8172,13192,24920,36457,45181,59732,151,202593
2016,faixa_etaria,Estado,Região Sul,Paraná,PR,1630,300,140,246,1070,2888,3281,5192,9197,13245,16678,20780,93,74740
2016,faixa_etaria,Estado,Região Sul,Santa Catarina,SC,834,152,93,126,479,1343,1655,2859,5252,7251,8818,11400,8,40270
2016,faixa_etaria,Estado,Região Sul,Rio Grande do Sul,RS,1439,227,123,216,949,2533,3236,5141,10471,15961,19685,27552,50,87583
2016,faixa_etaria,Regiao,Região Centro-Oeste,,,2979,563,272,390,1720,4527,5349,7207,10852,14196,16496,19640,217,84408
2016,faixa_etaria,Estado,Região Centro-Oeste,Mato Grosso do Sul,MS,548,128,51,71,244,643,879,1312,2138,2899,3514,4296,26,16749
2016,faixa_etaria,Estado,Região Centro-Oeste,Mato Grosso,MT,740,179,69,92,378,1046,1266,1632,2317,2976,3253,3547,40,17535
2016,faixa_etaria,Estado,Região Centro-Oeste,Goiás,GO,1244,189,113,167,848,2240,2409,3201,4906,6457,7405,8767,128,38074
2016,faixa_etaria,Estado,Região Centro-Oeste,Distrito Federal,DF,447,67,39,60,250,598,795,1062,1491,1864,2324,3030,23,12050
2017,faixa_etaria,Regiao,Região Norte,,,4825,904,502,609,2442,6583,6214,6391,9080,12415,14028,18569,421,82983
2017,faixa_etaria,Estado,Região Norte,Rondônia,RO,353,52,35,53,173,471,575,699,1066,1396,1489,1838,19,8219
2017,faixa_etaria,Estado,Região Norte,Acre,AC,223,49,23,43,158,315,282,294,407,522,652,858,6,3832
2017,faixa_etaria,Estado,Região Norte,Amazonas,AM,1292,247,132,138,511,1440,1327,1276,1844,2607,2710,3708,49,17281
2017,faixa_etaria,Estado,Região Norte,Roraima,RR,210,41,22,32,77,190,204,187,308,379,367,437,7,2461
2017,faixa_etaria,Estado,Região Norte,Pará,PA,2136,389,234,279,1209,3331,3059,2993,4259,5872,6879,9020,320,39980
2017,faixa_etaria,Estado,Região Norte,Amapá,AP,302,65,23,23,123,319,236,249,349,435,433,600,1,3158
2017,faixa_etaria,Estado,Região Norte,Tocantins,TO,309,61,33,41,191,517,531,693,847,1204,1498,2108,19,8052
2017,faixa_etaria,Regiao,Região Nordeste,,,11490,1807,1069,1585,8345,20462,20586,25374,37346,52619,67573,103359,430,352045
2017,faixa_etaria,Estado,Região Nordeste,Maranhão,MA,1787,308,197,245,834,2172,2510,2538,3553,5427,6729,8937,38,35275
2017,faixa_etaria,Estado,Região Nordeste,Piauí,PI,757,108,78,97,301,857,1107,1415,1988,2874,3961,6280,27,19850
2017,faixa_etaria,Estado,Região Nordeste,Ceará,CE,1688,267,153,253,1576,3712,3293,3860,5704,8150,11097,19483,27,59263
2017,faixa_etaria,Estado,Região Nordeste,Rio Grande do Norte,RN,569,103,47,77,594,1390,1218,1440,2253,2899,4075,6741,3,21409
2017,faixa_etaria,Estado,Região Nordeste,Paraíba,PB,764,109,77,101,429,1121,1326,1843,2665,4065,5293,9180,2,26975
2017,faixa_etaria,Estado,Região Nordeste,Pernambuco,PE,1648,290,153,243,1427,3705,3680,4688,7029,10128,12983,18234,156,64364
2017,faixa_etaria,Estado,Região Nordeste,Alagoas,AL,675,128,62,97,592,1251,1177,1675,2344,3449,4078,5145,0,20673
2017,faixa_etaria,Estado,Região Nordeste,Sergipe,SE,521,62,43,68,330,915,820,1099,1541,1978,2454,3489,1,13321
2017,faixa_etaria,Estado,Região Nordeste,Bahia,BA,3081,432,259,404,2262,5339,5455,6816,10269,13649,16903,25870,176,90915
2017,faixa_etaria,Regiao,Região Sudeste,,,13028,2060,1054,1521,6789,17909,23839,38281,72275,107457,124434,183286,1759,593692
2017,faixa_etaria,Estado,Região Sudeste,Minas Gerais,MG,2982,505,274,412,1673,4432,6074,9589,16721,23328,28474,43578,76,138118
2017,faixa_etaria,Estado,Região Sudeste,Espírito Santo,ES,596,110,68,102,486,1106,1247,1744,2900,4034,4440,7272,7,24112
2017,faixa_etaria,Estado,Região Sudeste,Rio de Janeiro,RJ,2770,460,213,355,2143,5188,5462,8100,16687,25581,28453,40284,1013,136709
2017,faixa_etaria,Estado,Região Sudeste,São Paulo,SP,6680,985,499,652,2487,7183,11056,18848,35967,54514,63067,92152,663,294753
2017,faixa_etaria,Regiao,Região Sul,,,4034,633,347,514,2325,6631,8142,12284,23712,35971,43724,59318,158,197793
2017,faixa_etaria,Estado,Região Sul,Paraná,PR,1633,226,158,202,897,2613,3187,4771,8572,12789,15918,20575,92,71633
2017,faixa_etaria,Estado,Região Sul,Santa Catarina,SC,976,144,62,120,455,1398,1717,2629,5226,7282,8468,11431,11,39919
2017,faixa_etaria,Estado,Região Sul,Rio Grande do Sul,RS,1425,263,127,192,973,2620,3238,4884,9914,15900,19338,27312,55,86241
2017,faixa_etaria,Regiao,Região Centro-Oeste,,,2846,514,284,380,1610,4170,4995,6847,10880,14822,17253,21350,199,86150
2017,faixa_etaria,Estado,Região Centro-Oeste,Mato Grosso do Sul,MS,473,93,60,61,218,619,787,1163,2077,2815,3368,4202,18,15954
2017,faixa_etaria,Estado,Região Centro-Oeste,Mato Grosso,MT,720,165,62,107,345,945,1205,1513,2363,3062,3433,3759,30,17709
2017,faixa_etaria,Estado,Região Centro-Oeste,Goiás,GO,1159,179,125,160,815,2133,2338,3148,4870,6848,8121,9948,129,39973
2017,faixa_etaria,Estado,Região Centro-Oeste,Distrito Federal,DF,494,77,37,52,232,473,665,1023,1570,2097,2331,3441,22,12514
2018,faixa_etaria,Regiao,Região Norte,,,4900,870,470,597,2383,6376,6066,6747,9434,12634,14710,18862,360,84409
2018,faixa_etaria,Estado,Região Norte,Rondônia,RO,357,45,29,37,144,381,491,683,1066,1432,1636,1848,16,8165
2018,faixa_etaria,Estado,Região Norte,Acre,AC,273,49,24,40,125,297,278,348,471,620,668,895,6,4094
2018,faixa_etaria,Estado,Região Norte,Amazonas,AM,1253,257,122,144,513,1316,1280,1403,1968,2575,3023,3822,34,17710
2018,faixa_etaria,Estado,Região Norte,Roraima,RR,266,54,26,35,114,276,222,222,322,403,371,472,4,2787
2018,faixa_etaria,Estado,Região Norte,Pará,PA,2134,359,227,266,1166,3289,3025,3234,4349,5984,7099,9101,280,40513
2018,faixa_etaria,Estado,Região Norte,Amapá,AP,294,40,17,30,143,334,235,289,395,454,475,639,0,3345
2018,faixa_etaria,Estado,Região Norte,Tocantins,TO,323,66,25,45,178,483,535,568,863,1166,1438,2085,20,7795
2018,faixa_etaria,Regiao,Região Nordeste,,,11314,1806,990,1500,7138,18434,19560,25118,37900,52622,66881,100152,554,343969
2018,faixa_etaria,Estado,Região Nordeste,Maranhão,MA,1649,329,169,228,680,1976,2315,2657,3615,5425,6732,8687,63,34525
2018,faixa_etaria,Estado,Região Nordeste,Piauí,PI,735,120,55,92,271,864,1105,1393,2075,2926,4010,6266,71,19983
2018,faixa_etaria,Estado,Região Nordeste,Ceará,CE,1594,261,155,273,1347,3351,3258,3942,5690,7977,10836,18310,34,57028
2018,faixa_etaria,Estado,Região Nordeste,Rio Grande do Norte,RN,564,98,56,77,520,1211,1128,1465,2316,3125,3966,6679,4,21209
2018,faixa_etaria,Estado,Região Nordeste,Paraíba,PB,703,116,64,83,426,1033,1238,1861,2841,3902,5546,8821,10,26644
2018,faixa_etaria,Estado,Região Nordeste,Pernambuco,PE,1714,293,144,200,1103,2972,3283,4566,7253,10044,12585,17680,174,62011
2018,faixa_etaria,Estado,Região Nordeste,Alagoas,AL,658,114,63,115,472,1066,1111,1475,2380,3296,3923,4738,0,19411
2018,faixa_etaria,Estado,Região Nordeste,Sergipe,SE,576,71,48,60,279,798,831,1025,1541,2012,2341,3441,1,13024
2018,faixa_etaria,Estado,Região Nordeste,Bahia,BA,3121,404,236,372,2040,5163,5291,6734,10189,13915,16942,25530,197,90134
2018,faixa_etaria,Regiao,Região Sudeste,,,12813,2041,1016,1438,6122,17090,22915,37845,72682,110918,126598,185107,1553,598138
2018,faixa_etaria,Estado,Região Sudeste,Minas Gerais,MG,2889,477,267,409,1365,3837,5567,9131,16476,23865,28399,42866,71,135619
2018,faixa_etaria,Estado,Região Sudeste,Espírito Santo,ES,600,103,72,100,392,905,1127,1637,2926,4069,4557,6988,24,23500
2018,faixa_etaria,Estado,Região Sudeste,Rio de Janeiro,RJ,2794,452,215,299,2017,5222,5357,8366,16885,27160,29084,41959,896,140706
2018,faixa_etaria,Estado,Região Sudeste,São Paulo,SP,6530,1009,462,630,2348,7126,10864,18711,36395,55824,64558,93294,562,298313
2018,faixa_etaria,Regiao,Região Sul,,,3935,638,332,473,2012,6043,7665,12182,23708,37766,46128,62682,170,203734
2018,faixa_etaria,Estado,Região Sul,Paraná,PR,1613,297,138,190,810,2499,3132,4892,8609,13406,16603,21565,94,73848
2018,faixa_etaria,Estado,Região Sul,Santa Catarina,SC,950,123,70,104,399,1266,1591,2616,5251,7736,9060,12099,3,41268
2018,faixa_etaria,Estado,Região Sul,Rio Grande do Sul,RS,1372,218,124,179,803,2278,2942,4674,9848,16624,20465,29018,73,88618
2018,faixa_etaria,Regiao,Região Centro-Oeste,,,2902,514,264,355,1447,4009,4945,6934,10677,15216,17602,21468,136,86469
2018,faixa_etaria,Estado,Região Centro-Oeste,Mato Grosso do Sul,MS,502,98,55,74,201,604,782,1226,2069,2987,3446,4547,9,16600
2018,faixa_etaria,Estado,Região Centro-Oeste,Mato Grosso,MT,713,147,75,81,306,959,1155,1541,2399,3249,3664,3878,38,18205
2018,faixa_etaria,Estado,Região Centro-Oeste,Goiás,GO,1234,212,100,156,756,1960,2311,3131,4748,6964,8148,9707,80,39507
2018,faixa_etaria,Estado,Região Centro-Oeste,Distrito Federal,DF,453,57,34,44,184,486,697,1036,1461,2016,2344,3336,9,12157
2019,faixa_etaria,Regiao,Região Norte,,,4744,938,479,602,2188,5900,5892,6695,9540,13473,15511,19417,307,85686
2019,faixa_etaria,Estado,Região Norte,Rondônia,RO,311,56,33,37,135,385,516,695,1095,1462,1647,1952,14,8338
2019,faixa_etaria,Estado,Região Norte,Acre,AC,259,57,38,27,103,260,280,322,457,631,730,916,18,4098
2019,faixa_etaria,Estado,Região Norte,Amazonas,AM,1241,247,110,158,509,1470,1292,1477,1984,2816,3095,3899,29,18327
2019,faixa_etaria,Estado,Região Norte,Roraima,RR,264,64,34,25,97,208,214,248,338,406,434,445,2,2779
2019,faixa_etaria,Estado,Região Norte,Pará,PA,2094,397,202,265,1021,2867,2857,3061,4396,6393,7568,9257,221,40599
2019,faixa_etaria,Estado,Região Norte,Amapá,AP,289,58,29,31,156,305,226,276,407,524,545,677,1,3524
2019,faixa_etaria,Estado,Região Norte,Tocantins,TO,286,59,33,59,167,405,507,616,863,1241,1492,2271,22,8021
2019,faixa_etaria,Regiao,Região Nordeste,,,11035,1700,1009,1442,5800,16202,18668,24909,38868,54713,70088,107813,554,352801
2019,faixa_etaria,Estado,Região Nordeste,Maranhão,MA,1627,293,149,224,610,1778,2300,2635,3642,5465,6981,9372,52,35128
2019,faixa_etaria,Estado,Região Nordeste,Piauí,PI,702,101,52,83,266,807,1102,1398,2110,3033,4055,6792,27,20528
2019,faixa_etaria,Estado,Região Nordeste,Ceará,CE,1580,256,179,219,809,2326,2767,3727,5900,8247,11200,19326,44,56580
2019,faixa_etaria,Estado,Região Nordeste,Rio Grande do Norte,RN,547,84,57,68,386,1014,1066,1449,2437,3207,4351,7101,0,21767
2019,faixa_etaria,Estado,Região Nordeste,Paraíba,PB,752,121,68,91,298,908,1244,1869,2882,4181,5645,9293,26,27378
2019,faixa_etaria,Estado,Região Nordeste,Pernambuco,PE,1633,248,139,230,978,2744,3142,4524,7439,10416,13474,19100,228,64295
2019,faixa_etaria,Estado,Região Nordeste,Alagoas,AL,659,122,73,94,381,984,1013,1501,2444,3498,4213,5304,1,20287
2019,faixa_etaria,Estado,Região Nordeste,Sergipe,SE,565,63,39,57,244,735,782,989,1515,2141,2550,3793,0,13473
2019,faixa_etaria,Estado,Região Nordeste,Bahia,BA,2970,412,253,376,1828,4906,5252,6817,10499,14525,17619,27732,176,93365
2019,faixa_etaria,Regiao,Região Sudeste,,,12707,2072,1038,1353,5609,17085,23223,38349,72208,114520,131281,195570,1228,616243
2019,faixa_etaria,Estado,Região Sudeste,Minas Gerais,MG,2942,501,269,347,1238,3790,5858,9387,16698,24705,29572,45663,52,141022
2019,faixa_etaria,Estado,Região Sudeste,Espírito Santo,ES,585,108,40,91,388,942,1080,1675,2920,4374,4763,7454,11,24431
2019,faixa_etaria,Estado,Região Sudeste,Rio de Janeiro,RJ,2737,443,235,292,1841,5094,5427,8469,16553,27900,30874,44036,699,144600
2019,faixa_etaria,Estado,Região Sudeste,São Paulo,SP,6443,1020,494,623,2142,7259,10858,18818,36037,57541,66072,98417,466,306190
2019,faixa_etaria,Regiao,Região Sul,,,3953,606,376,479,1817,5803,7414,12031,23808,38614,46990,64047,148,206086
2019,faixa_etaria,Estado,Região Sul,Paraná,PR,1582,283,146,187,750,2513,2976,4784,8756,13586,16828,22091,84,74566
2019,faixa_etaria,Estado,Região Sul,Santa Catarina,SC,942,126,89,110,377,1216,1581,2678,5295,8063,9332,12460,13,42282
2019,faixa_etaria,Estado,Região Sul,Rio Grande do Sul,RS,1429,197,141,182,690,2074,2857,4569,9757,16965,20830,29496,51,89238
2019,faixa_etaria,Regiao,Região Centro-Oeste,,,2854,506,264,348,1287,3872,4787,6973,11010,15502,18170,23291,121,88985
2019,faixa_etaria,Estado,Região Centro-Oeste,Mato Grosso do Sul,MS,485,88,53,74,211,601,795,1192,2104,2972,3540,4687,13,16815
2019,faixa_etaria,Estado,Região Centro-Oeste,Mato Grosso,MT,747,143,60,102,305,903,1097,1614,2402,3297,3572,4073,26,18341
2019,faixa_etaria,Estado,Região Centro-Oeste,Goiás,GO,1260,201,116,134,607,1880,2208,3158,4906,7107,8508,10858,82,41025
2019,faixa_etaria,Estado,Região Centro-Oeste,Distrito Federal,DF,362,74,35,38,164,488,687,1009,1598,2126,2550,3673,0,12804
2020,faixa_etaria,Regiao,Região Norte,,,4386,799,430,602,2031,5868,6668,8759,12778,19016,21715,25673,289,109014
2020,faixa_etaria,Estado,Região Norte,Rondônia,RO,336,46,31,50,134,437,647,915,1396,1913,2080,2275,18,10278
2020,faixa_etaria,Estado,Região Norte,Acre,AC,243,41,30,33,125,258,334,399,539,848,895,1089,26,4860
2020,faixa_etaria,Estado,Região Norte,Amazonas,AM,1051,207,108,142,471,1368,1455,2028,2962,4437,4832,5668,36,24765
2020,faixa_etaria,Estado,Região Norte,Roraima,RR,264,45,29,38,92,220,252,358,443,602,610,625,2,3580
2020,faixa_etaria,Estado,Região Norte,Pará,PA,1976,360,185,267,944,2730,3106,3872,5821,8953,10681,12556,192,51643
2020,faixa_etaria,Estado,Região Norte,Amapá,AP,264,40,16,26,112,382,318,446,582,753,787,891,0,4617
2020,faixa_etaria,Estado,Região Norte,Tocantins,TO,252,60,31,46,153,473,556,741,1035,1510,1830,2569,15,9271
2020,faixa_etaria,Regiao,Região Nordeste,,,9997,1407,863,1338,6311,18870,21720,30334,47240,66999,84751,125499,590,415919
2020,faixa_etaria,Estado,Região Nordeste,Maranhão,MA,1458,259,135,210,763,2098,2669,3240,4679,7055,8951,11706,48,43271
2020,faixa_etaria,Estado,Região Nordeste,Piauí,PI,628,97,67,93,264,941,1207,1667,2418,3694,4788,7735,47,23646
2020,faixa_etaria,Estado,Região Nordeste,Ceará,CE,1417,208,122,240,1115,3405,3564,4721,7366,10276,13944,23117,17,69512
2020,faixa_etaria,Estado,Região Nordeste,Rio Grande do Norte,RN,492,63,48,62,307,1105,1217,1677,2947,3724,5011,8018,3,24674
2020,faixa_etaria,Estado,Região Nordeste,Paraíba,PB,715,80,44,87,326,1000,1448,2204,3486,4742,6489,10478,8,31107
2020,faixa_etaria,Estado,Região Nordeste,Pernambuco,PE,1493,233,141,204,993,3061,3606,5525,9057,13151,16604,22228,278,76574
2020,faixa_etaria,Estado,Região Nordeste,Alagoas,AL,579,81,60,77,408,1088,1247,1934,3043,4401,5242,5984,4,24148
2020,faixa_etaria,Estado,Região Nordeste,Sergipe,SE,505,63,29,48,246,743,872,1187,1984,2707,3031,4375,3,15793
2020,faixa_etaria,Estado,Região Nordeste,Bahia,BA,2710,323,217,317,1889,5429,5890,8179,12260,17249,20691,31858,182,107194
2020,faixa_etaria,Regiao,Região Sudeste,,,11074,1500,774,1200,5389,17831,26253,45483,84262,137199,154575,216273,1246,703059
2020,faixa_etaria,Estado,Região Sudeste,Minas Gerais,MG,2582,383,203,316,1251,3832,5976,10080,18145,27653,32463,49186,58,152128
2020,faixa_etaria,Estado,Região Sudeste,Espírito Santo,ES,525,88,51,80,384,1039,1283,2088,3552,5610,5901,8420,90,29111
2020,faixa_etaria,Estado,Região Sudeste,Rio de Janeiro,RJ,2508,347,156,260,1569,5042,6234,10682,20582,35208,38660,50300,637,172185
2020,faixa_etaria,Estado,Região Sudeste,São Paulo,SP,5459,682,364,544,2185,7918,12760,22633,41983,68728,77551,108367,461,349635
2020,faixa_etaria,Regiao,Região Sul,,,3404,483,269,412,1605,6175,8040,13286,26157,43091,51165,67582,139,221808
2020,faixa_etaria,Estado,Região Sul,Paraná,PR,1361,210,129,189,698,2708,3400,5409,10045,15820,18611,23916,77,82573
2020,faixa_etaria,Estado,Região Sul,Santa Catarina,SC,913,116,54,100,334,1270,1726,2881,5960,9112,10496,13469,13,46444
2020,faixa_etaria,Estado,Região Sul,Rio Grande do Sul,RS,1130,157,86,123,573,2197,2914,4996,10152,18159,22058,30197,49,92791
2020,faixa_etaria,Regiao,Região Centro-Oeste,,,2578,397,246,328,1306,4209,5483,8626,13665,19885,22527,27651,123,107024
2020,faixa_etaria,Estado,Região Centro-Oeste,Mato Grosso do Sul,MS,451,79,49,69,168,633,922,1435,2364,3541,4100,5223,17,19051
2020,faixa_etaria,Estado,Região Centro-Oeste,Mato Grosso,MT,689,132,70,102,335,1083,1356,2028,3230,4377,4721,5250,24,23397
2020,faixa_etaria,Estado,Região Centro-Oeste,Goiás,GO,1054,148,91,125,670,1984,2445,3841,5987,8990,10338,12608,77,48358
2020,faixa_etaria,Estado,Região Centro-Oeste,Distrito Federal,DF,384,38,36,32,133,509,760,1322,2084,2977,3368,4570,5,16218
2021,faixa_etaria,Regiao,Região Norte,,,4642,866,437,584,2017,6600,7893,11077,15863,22167,23133,25809,266,121354
2021,faixa_etaria,Estado,Região Norte,Rondônia,RO,314,55,22,38,153,580,861,1370,2186,2882,2788,2777,16,14042
2021,faixa_etaria,Estado,Região Norte,Acre,AC,280,49,20,42,100,254,341,534,750,937,1039,1133,17,5496
2021,faixa_etaria,Estado,Região Norte,Amazonas,AM,1161,249,113,147,551,1760,1994,2728,3862,5408,5249,5831,27,29080
2021,faixa_etaria,Estado,Região Norte,Roraima,RR,269,88,32,26,93,297,343,452,630,762,662,645,7,4306
2021,faixa_etaria,Estado,Região Norte,Pará,PA,2020,314,192,250,842,2792,3276,4441,6363,9408,10398,11682,188,52166
2021,faixa_etaria,Estado,Região Norte,Amapá,AP,299,47,21,42,142,396,371,470,636,784,728,814,0,4750
2021,faixa_etaria,Estado,Região Norte,Tocantins,TO,299,64,37,39,136,521,707,1082,1436,1986,2269,2927,11,11514
2021,faixa_etaria,Regiao,Região Nordeste,,,10053,1446,858,1255,5782,18724,24030,36132,54672,73475,88902,127990,553,443872
2021,faixa_etaria,Estado,Região Nordeste,Maranhão,MA,1470,265,126,230,678,2082,2892,3836,5190,7436,8972,11408,69,44654
2021,faixa_etaria,Estado,Região Nordeste,Piauí,PI,632,86,63,74,254,971,1382,2049,2901,4208,5415,8131,46,26212
2021,faixa_etaria,Estado,Região Nordeste,Ceará,CE,1287,211,116,198,979,3170,3930,5582,8834,11509,14735,23102,30,73683
2021,faixa_etaria,Estado,Região Nordeste,Rio Grande do Norte,RN,531,53,39,70,245,1079,1405,2136,3387,4226,5307,8285,8,26771
2021,faixa_etaria,Estado,Região Nordeste,Paraíba,PB,708,104,61,67,325,1128,1732,2831,4298,5425,6933,11058,8,34678
2021,faixa_etaria,Estado,Região Nordeste,Pernambuco,PE,1567,223,116,167,956,2841,4008,6357,10501,14279,17184,22305,213,80717
2021,faixa_etaria,Estado,Região Nordeste,Alagoas,AL,652,102,59,80,351,1066,1338,2105,3389,4733,5194,6015,6,25090
2021,faixa_etaria,Estado,Região Nordeste,Sergipe,SE,438,71,40,42,174,750,911,1472,2245,2914,3238,4379,1,16675
2021,faixa_etaria,Estado,Região Nordeste,Bahia,BA,2768,331,238,327,1820,5637,6432,9764,13927,18745,21924,33307,172,115392
2021,faixa_etaria,Regiao,Região Sudeste,,,11046,1646,902,1217,4757,19886,33883,62865,111576,170441,184558,239682,1275,843734
2021,faixa_etaria,Estado,Região Sudeste,Minas Gerais,MG,2588,362,237,312,1094,4321,7541,14081,24846,36776,41136,56716,75,190085
2021,faixa_etaria,Estado,Região Sudeste,Espírito Santo,ES,590,106,70,88,352,952,1475,2484,4086,6545,6733,9231,89,32801
2021,faixa_etaria,Estado,Região Sudeste,Rio de Janeiro,RJ,2418,352,173,257,1383,5456,7055,12899,23670,39071,42353,53542,603,189232
2021,faixa_etaria,Estado,Região Sudeste,São Paulo,SP,5450,826,422,560,1928,9157,17812,33401,58974,88049,94336,120193,508,431616
2021,faixa_etaria,Regiao,Região Sul,,,3428,573,340,424,1745,7162,11668,20928,38579,58252,66322,80629,176,290226
2021,faixa_etaria,Estado,Região Sul,Paraná,PR,1343,212,139,182,810,3302,5186,9191,16192,22189,24698,29072,90,112606
2021,faixa_etaria,Estado,Região Sul,Santa Catarina,SC,891,129,91,91,332,1499,2387,4398,8285,12327,13501,15947,20,59898
2021,faixa_etaria,Estado,Região Sul,Rio Grande do Sul,RS,1194,232,110,151,603,2361,4095,7339,14102,23736,28123,35610,66,117722
2021,faixa_etaria,Regiao,Região Centro-Oeste,,,2687,490,229,319,1283,4464,7728,12973,20000,25796,27149,30238,107,133463
2021,faixa_etaria,Estado,Região Centro-Oeste,Mato Grosso do Sul,MS,451,82,60,60,234,734,1363,2295,3691,4967,5167,5929,16,25049
2021,faixa_etaria,Estado,Região Centro-Oeste,Mato Grosso,MT,733,159,62,82,336,1120,1873,3046,4475,5585,5552,5575,25,28623
2021,faixa_etaria,Estado,Região Centro-Oeste,Goiás,GO,1101,195,82,137,588,2081,3516,5771,9124,11574,12507,13976,60,60712
2021,faixa_etaria,Estado,Região Centro-Oeste,Distrito Federal,DF,402,54,25,40,125,529,976,1861,2710,3670,3923,4758,6,19079
2022,faixa_etaria,Regiao,Região Norte,,,4368,986,391,605,1848,6110,6201,7941,10661,15573,18053,23537,278,96552
2022,faixa_etaria,Estado,Região Norte,Rondônia,RO,334,69,23,54,138,474,606,875,1238,1776,2168,2511,11,10277
2022,faixa_etaria,Estado,Região Norte,Acre,AC,249,50,16,31,89,205,257,317,466,692,770,1007,10,4159
2022,faixa_etaria,Estado,Região Norte,Amazonas,AM,1138,273,100,130,450,1495,1371,1676,2255,3174,3564,4468,61,20155
2022,faixa_etaria,Estado,Região Norte,Roraima,RR,246,76,24,38,81,248,281,286,379,533,518,536,0,3246
2022,faixa_etaria,Estado,Região Norte,Pará,PA,1877,396,189,284,848,2830,2821,3619,4859,7408,8653,11526,189,45499
2022,faixa_etaria,Estado,Região Norte,Amapá,AP,246,51,13,30,103,350,287,338,437,577,589,825,0,3846
2022,faixa_etaria,Estado,Região Norte,Tocantins,TO,278,71,26,38,139,508,578,830,1027,1413,1791,2664,7,9370
2022,faixa_etaria,Regiao,Região Nordeste,,,9992,1843,979,1339,5394,17813,19863,28959,43206,62039,81405,129714,586,403132
2022,faixa_etaria,Estado,Região Nordeste,Maranhão,MA,1501,278,154,204,610,1930,2521,3101,4236,6127,7898,11309,67,39936
2022,faixa_etaria,Estado,Região Nordeste,Piauí,PI,666,119,60,89,264,958,1202,1729,2463,3497,4900,8354,42,24343
2022,faixa_etaria,Estado,Região Nordeste,Ceará,CE,1317,240,134,197,863,2860,3074,4336,6549,9200,13017,22870,7,64664
2022,faixa_etaria,Estado,Região Nordeste,Rio Grande do Norte,RN,443,116,55,51,260,981,1122,1608,2592,3649,4871,8443,28,24219
2022,faixa_etaria,Estado,Região Nordeste,Paraíba,PB,749,145,72,96,311,1087,1385,2153,3344,4815,6633,11599,16,32405
2022,faixa_etaria,Estado,Região Nordeste,Pernambuco,PE,1558,295,164,231,855,2826,3213,5253,8107,11839,15128,22293,249,72011
2022,faixa_etaria,Estado,Região Nordeste,Alagoas,AL,587,131,56,75,346,1074,1128,1711,2795,4092,4938,6188,1,23122
2022,faixa_etaria,Estado,Região Nordeste,Sergipe,SE,503,78,40,42,179,729,770,1080,1666,2370,2972,4361,1,14791
2022,faixa_etaria,Estado,Região Nordeste,Bahia,BA,2668,441,244,354,1706,5368,5448,7988,11454,16450,21048,34297,175,107641
2022,faixa_etaria,Regiao,Região Sudeste,,,11399,2153,1176,1309,4429,17460,23981,42044,74960,128305,154418,232684,1151,695469
2022,faixa_etaria,Estado,Região Sudeste,Minas Gerais,MG,2672,517,287,311,1104,4066,5759,10111,17724,28804,35024,56158,78,162615
2022,faixa_etaria,Estado,Região Sudeste,Espírito Santo,ES,558,141,74,82,330,1034,1232,1928,3033,5088,5539,8895,58,27992
2022,faixa_etaria,Estado,Região Sudeste,Rio de Janeiro,RJ,2374,459,230,279,1154,4686,5091,8687,16214,29143,33940,48025,524,150806
2022,faixa_etaria,Estado,Região Sudeste,São Paulo,SP,5795,1036,585,637,1841,7674,11899,21318,37989,65270,79915,119606,491,354056
2022,faixa_etaria,Regiao,Região Sul,,,3681,678,409,444,1654,6301,8360,13851,26262,44820,57766,80808,187,245221
2022,faixa_etaria,Estado,Região Sul,Paraná,PR,1451,300,152,187,758,2842,3526,5620,10048,16174,20469,28194,87,89808
2022,faixa_etaria,Estado,Região Sul,Santa Catarina,SC,961,172,103,98,342,1255,1833,3019,5920,9676,11940,15971,27,51317
2022,faixa_etaria,Estado,Região Sul,Rio Grande do Sul,RS,1269,206,154,159,554,2204,3001,5212,10294,18970,25357,36643,73,104096
2022,faixa_etaria,Regiao,Região Centro-Oeste,,,2817,623,295,355,1131,4042,5289,8176,12503,18397,21589,28540,135,103892
2022,faixa_etaria,Estado,Região Centro-Oeste,Mato Grosso do Sul,MS,500,112,69,76,182,722,996,1462,2408,3732,4295,5863,17,20434
2022,faixa_etaria,Estado,Região Centro-Oeste,Mato Grosso,MT,819,198,78,113,340,1087,1239,1859,2749,3860,4314,5055,20,21731
2022,faixa_etaria,Estado,Região Centro-Oeste,Goiás,GO,1136,237,113,121,465,1804,2364,3663,5587,8439,10183,13074,84,47270
2022,faixa_etaria,Estado,Região Centro-Oeste,Distrito Federal,DF,362,76,35,45,144,429,690,1192,1759,2366,2797,4548,14,14457
2023,faixa_etaria,Regiao,Região Norte,,,4517,1027,505,550,1734,5799,6170,7898,10661,15233,17734,22432,217,94477
2023,faixa_etaria,Estado,Região Norte,Rondônia,RO,293,62,31,46,140,480,579,819,1241,1820,1976,2467,20,9974
2023,faixa_etaria,Estado,Região Norte,Acre,AC,245,54,21,35,85,239,258,325,466,653,775,1018,15,4189
2023,faixa_etaria,Estado,Região Norte,Amazonas,AM,1204,290,137,138,411,1423,1445,1788,2362,3222,3549,4406,10,20385
2023,faixa_etaria,Estado,Região Norte,Roraima,RR,313,124,36,34,71,224,249,301,388,505,528,537,1,3311
2023,faixa_etaria,Estado,Região Norte,Pará,PA,1897,392,221,235,738,2542,2861,3553,4755,7147,8566,10713,160,43780
2023,faixa_etaria,Estado,Região Norte,Amapá,AP,271,65,26,25,145,417,262,337,411,536,635,796,0,3926
2023,faixa_etaria,Estado,Região Norte,Tocantins,TO,294,40,33,37,144,474,516,775,1038,1350,1705,2495,11,8912
2023,faixa_etaria,Regiao,Região Nordeste,,,9708,1690,988,1266,5001,17505,19235,28440,41762,60201,76544,117784,522,380646
2023,faixa_etaria,Estado,Região Nordeste,Maranhão,MA,1443,281,155,207,621,2024,2331,3225,3965,5946,7671,10798,80,38747
2023,faixa_etaria,Estado,Região Nordeste,Piauí,PI,630,89,47,90,251,899,1215,1738,2285,3300,4519,7435,31,22529
2023,faixa_etaria,Estado,Região Nordeste,Ceará,CE,1302,202,135,171,726,2759,3094,4160,6254,8980,12157,20694,1,60635
2023,faixa_etaria,Estado,Região Nordeste,Rio Grande do Norte,RN,440,78,48,58,230,809,1004,1482,2439,3555,4556,7583,20,22302
2023,faixa_etaria,Estado,Região Nordeste,Paraíba,PB,668,120,69,88,286,1021,1241,2058,3112,4451,5962,9677,20,28773
2023,faixa_etaria,Estado,Região Nordeste,Pernambuco,PE,1535,301,161,188,792,2882,3316,4942,7999,11542,14310,20369,190,68527
2023,faixa_etaria,Estado,Região Nordeste,Alagoas,AL,631,107,66,74,308,1122,1107,1826,2629,3847,4679,5568,1,21965
2023,faixa_etaria,Estado,Região Nordeste,Sergipe,SE,536,85,40,50,155,671,743,1056,1694,2308,2745,4003,1,14087
2023,faixa_etaria,Estado,Região Nordeste,Bahia,BA,2523,427,267,340,1632,5318,5184,7953,11385,16272,19945,31657,178,103081
2023,faixa_etaria,Regiao,Região Sudeste,,,11335,2038,1182,1344,4253,16450,23410,41049,71985,124252,150122,216072,877,664369
2023,faixa_etaria,Estado,Região Sudeste,Minas Gerais,MG,2638,510,300,339,1066,3960,5783,9929,16977,28125,34412,53490,74,157603
2023,faixa_etaria,Estado,Região Sudeste,Espírito Santo,ES,605,119,58,86,356,981,1165,1896,2992,4972,5540,8505,40,27315
2023,faixa_etaria,Estado,Região Sudeste,Rio de Janeiro,RJ,2370,446,241,273,1080,4237,4974,8584,15565,28576,33720,44654,428,145148
2023,faixa_etaria,Estado,Região Sudeste,São Paulo,SP,5722,963,583,646,1751,7272,11488,20640,36451,62579,76450,109423,335,334303
2023,faixa_etaria,Regiao,Região Sul,,,3560,614,387,454,1477,5864,7861,13209,24517,42241,53011,72234,141,225570
2023,faixa_etaria,Estado,Região Sul,Paraná,PR,1511,244,170,186,651,2583,3258,5438,9498,15280,19010,25581,55,83465
2023,faixa_etaria,Estado,Região Sul,Santa Catarina,SC,878,155,99,94,312,1259,1723,3017,5712,9336,11315,14662,27,48589
2023,faixa_etaria,Estado,Região Sul,Rio Grande do Sul,RS,1171,215,118,174,514,2022,2880,4754,9307,17625,22686,31991,59,93516
2023,faixa_etaria,Regiao,Região Centro-Oeste,,,2897,566,323,359,1013,4035,4974,8013,11988,17985,20972,27307,116,100548
2023,faixa_etaria,Estado,Região Centro-Oeste,Mato Grosso do Sul,MS,545,109,77,78,198,726,860,1446,2396,3599,4134,5456,14,19638
2023,faixa_etaria,Estado,Região Centro-Oeste,Mato Grosso,MT,822,192,92,110,335,1144,1246,1888,2658,3861,4235,5190,17,21790
2023,faixa_etaria,Estado,Região Centro-Oeste,Goiás,GO,1144,198,114,122,399,1732,2226,3532,5283,8185,9771,12260,75,45041
2023,faixa_etaria,Estado,Região Centro-Oeste,Distrito Federal,DF,386,67,40,49,81,433,642,1147,1651,2340,2832,4401,10,14079
2024,faixa_etaria,Regiao,Região Norte,,,4168,909,451,536,1623,5530,6117,8204,10810,15908,18482,23418,193,96349
2024,faixa_etaria,Estado,Região Norte,Rondônia,RO,295,67,39,44,133,471,612,781,1275,1772,2084,2505,19,10097
2024,faixa_etaria,Estado,Região Norte,Acre,AC,236,62,20,30,78,235,246,371,478,668,833,1002,8,4267
2024,faixa_etaria,Estado,Região Norte,Amazonas,AM,1065,222,97,117,374,1329,1459,1838,2281,3312,3701,4417,13,20225
2024,faixa_etaria,Estado,Região Norte,Roraima,RR,231,69,37,28,57,193,220,291,366,492,534,537,0,3055
2024,faixa_etaria,Estado,Região Norte,Pará,PA,1810,389,202,246,752,2567,2734,3808,4957,7491,8895,11382,142,45375
2024,faixa_etaria,Estado,Região Norte,Amapá,AP,220,44,20,27,106,319,279,349,446,640,616,837,0,3903
2024,faixa_etaria,Estado,Região Norte,Tocantins,TO,311,56,36,44,123,416,567,766,1007,1533,1819,2738,11,9427
2024,faixa_etaria,Regiao,Região Nordeste,,,9033,1452,962,1257,5059,17220,19672,29640,42679,62932,80608,123927,465,394906
2024,faixa_etaria,Estado,Região Nordeste,Maranhão,MA,1291,232,140,190,685,2083,2569,3333,4125,6343,7873,11201,78,40143
2024,faixa_etaria,Estado,Região Nordeste,Piauí,PI,566,79,68,83,264,872,1193,1822,2414,3600,4739,7762,14,23476
2024,faixa_etaria,Estado,Região Nordeste,Ceará,CE,1180,193,130,184,811,2822,3166,4549,6507,9357,12804,21750,43,63496
2024,faixa_etaria,Estado,Região Nordeste,Rio Grande do Norte,RN,469,77,41,67,178,784,966,1508,2574,3759,4973,8114,17,23527
2024,faixa_etaria,Estado,Região Nordeste,Paraíba,PB,608,105,52,74,304,1028,1284,2016,3199,4655,6359,10458,11,30153
2024,faixa_etaria,Estado,Região Nordeste,Pernambuco,PE,1493,242,161,179,821,2991,3323,5075,7762,11902,15236,21421,187,70793
2024,faixa_etaria,Estado,Região Nordeste,Alagoas,AL,633,96,60,82,300,1100,1144,1809,2784,3983,4784,5878,0,22653
2024,faixa_etaria,Estado,Região Nordeste,Sergipe,SE,385,51,35,53,158,606,666,1104,1727,2326,3009,4332,1,14453
2024,faixa_etaria,Estado,Região Nordeste,Bahia,BA,2408,377,275,345,1538,4934,5361,8424,11587,17007,20831,33011,114,106212
2024,faixa_etaria,Regiao,Região Sudeste,,,10594,1934,1293,1408,4338,17002,24457,42959,73227,128036,158502,226888,944,691582
2024,faixa_etaria,Estado,Região Sudeste,Minas Gerais,MG,2486,480,318,371,1130,4227,5921,10404,17506,29388,36066,55294,77,163668
2024,faixa_etaria,Estado,Região Sudeste,Espírito Santo,ES,610,88,73,79,309,969,1210,1937,3053,5075,6022,8643,74,28142
2024,faixa_etaria,Estado,Região Sudeste,Rio de Janeiro,RJ,2187,377,241,288,1040,4053,5074,8595,15233,28833,34790,47002,443,148156
2024,faixa_etaria,Estado,Região Sudeste,São Paulo,SP,5311,989,661,670,1859,7753,12252,22023,37435,64740,81624,115949,350,351616
2024,faixa_etaria,Regiao,Região Sul,,,3507,725,414,482,1482,5948,8520,13926,24856,45127,58089,79627,123,242826
2024,faixa_etaria,Estado,Região Sul,Paraná,PR,1398,309,161,199,682,2659,3657,5726,9660,16236,20515,27868,52,89122
2024,faixa_etaria,Estado,Região Sul,Santa Catarina,SC,972,198,115,122,306,1277,1990,3120,5701,9941,12332,16122,28,52224
2024,faixa_etaria,Estado,Região Sul,Rio Grande do Sul,RS,1137,218,138,161,494,2012,2873,5080,9495,18950,25242,35637,43,101480
2024,faixa_etaria,Regiao,Região Centro-Oeste,,,2718,611,332,341,1094,3989,5233,8419,12828,19161,22306,29232,88,106352
2024,faixa_etaria,Estado,Região Centro-Oeste,Mato Grosso do Sul,MS,488,111,70,69,201,714,874,1442,2395,3798,4167,5505,7,19841
2024,faixa_etaria,Estado,Região Centro-Oeste,Mato Grosso,MT,785,192,70,82,382,1096,1293,1929,2809,4102,4632,5413,18,22803
2024,faixa_etaria,Estado,Região Centro-Oeste,Goiás,GO,1096,236,143,151,413,1713,2330,3773,5779,8675,10265,13195,61,47830
2024,faixa_etaria,Estado,Região Centro-Oeste,Distrito Federal,DF,349,72,49,39,98,466,736,1275,1845,2586,3242,5119,2,15878
2025,faixa_etaria,Regiao,Região Norte,,,4199,864,442,559,1576,5406,6044,8359,11148,16439,19436,24252,189,98913
2025,faixa_etaria,Estado,Região Norte,Rondônia,RO,295,60,38,43,132,471,575,820,1276,1980,2218,2636,15,10559
2025,faixa_etaria,Estado,Região Norte,Acre,AC,245,49,17,25,67,220,280,365,473,699,790,1004,5,4239
2025,faixa_etaria,Estado,Região Norte,Amazonas,AM,1130,216,118,122,342,1193,1234,1850,2421,3326,3862,4559,2,20375
2025,faixa_etaria,Estado,Região Norte,Roraima,RR,264,84,33,40,75,222,236,298,359,541,604,610,2,3368
2025,faixa_etaria,Estado,Região Norte,Pará,PA,1781,344,195,272,724,2527,2892,3850,5135,7698,9397,11768,161,46744
2025,faixa_etaria,Estado,Região Norte,Amapá,AP,218,44,13,21,107,316,271,341,459,622,684,892,0,3988
2025,faixa_etaria,Estado,Região Norte,Tocantins,TO,266,67,28,36,129,457,556,835,1025,1573,1881,2783,4,9640
2025,faixa_etaria,Regiao,Região Nordeste,,,8930,1444,885,1188,4803,16276,19336,29295,42230,64038,81729,125736,386,396276
2025,faixa_etaria,Estado,Região Nordeste,Maranhão,MA,1276,225,146,170,642,2098,2441,3411,4150,6306,8290,11735,43,40933
2025,faixa_etaria,Estado,Região Nordeste,Piauí,PI,562,98,49,75,251,795,1156,1884,2316,3558,4721,7755,1,23221
2025,faixa_etaria,Estado,Região Nordeste,Ceará,CE,1203,178,118,161,815,2647,3299,4439,6415,9630,12963,22019,13,63900
2025,faixa_etaria,Estado,Região Nordeste,Rio Grande do Norte,RN,455,60,48,69,224,801,979,1559,2466,3821,4825,8033,10,23350
2025,faixa_etaria,Estado,Região Nordeste,Paraíba,PB,627,102,70,73,278,1016,1286,2039,3113,4829,6495,10605,14,30547
2025,faixa_etaria,Estado,Região Nordeste,Pernambuco,PE,1451,275,143,178,677,2711,3251,5005,7886,12082,15348,21341,162,70510
2025,faixa_etaria,Estado,Região Nordeste,Alagoas,AL,573,90,57,73,302,1063,1180,1743,2644,4115,4922,6170,4,22936
2025,faixa_etaria,Estado,Região Nordeste,Sergipe,SE,442,63,35,43,145,540,707,1085,1625,2463,3020,4407,5,14580
2025,faixa_etaria,Estado,Região Nordeste,Bahia,BA,2341,353,219,346,1469,4605,5037,8130,11615,17234,21145,33671,134,106299
2025,faixa_etaria,Regiao,Região Sudeste,,,10515,1827,1092,1271,4004,16023,23760,42159,71084,128161,162934,232587,797,696214
2025,faixa_etaria,Estado,Região Sudeste,Minas Gerais,MG,2521,448,269,310,940,3853,5654,10048,16587,28476,35902,54692,72,159772
2025,faixa_etaria,Estado,Região Sudeste,Espírito Santo,ES,614,105,61,65,304,840,1155,1990,3169,5279,6311,9462,46,29401
2025,faixa_etaria,Estado,Região Sudeste,Rio de Janeiro,RJ,2183,375,223,252,1051,4115,5078,8681,14935,29192,36835,48987,377,152284
2025,faixa_etaria,Estado,Região Sudeste,São Paulo,SP,5197,899,539,644,1709,7215,11873,21440,36393,65214,83886,119446,302,354757
2025,faixa_etaria,Regiao,Região Sul,,,3533,572,386,464,1337,5310,8043,13262,23763,43996,57961,79255,94,237976
2025,faixa_etaria,Estado,Região Sul,Paraná,PR,1465,230,151,185,572,2326,3341,5354,9372,15824,20746,28206,44,87816
2025,faixa_etaria,Estado,Região Sul,Santa Catarina,SC,929,163,101,105,288,1226,1929,3080,5494,9920,12534,16345,12,52126
2025,faixa_etaria,Estado,Região Sul,Rio Grande do Sul,RS,1139,179,134,174,477,1758,2773,4828,8897,18252,24681,34704,38,98034
2025,faixa_etaria,Regiao,Região Centro-Oeste,,,2727,512,313,328,1002,3552,4928,8073,12518,18957,22680,29560,59,105209
2025,faixa_etaria,Estado,Região Centro-Oeste,Mato Grosso do Sul,MS,525,103,73,70,189,642,899,1468,2369,3727,4370,5599,9,20043
2025,faixa_etaria,Estado,Região Centro-Oeste,Mato Grosso,MT,817,161,99,92,315,913,1236,1891,2796,4247,4755,5716,11,23049
2025,faixa_etaria,Estado,Região Centro-Oeste,Goiás,GO,1052,198,111,135,406,1569,2147,3606,5671,8571,10290,13221,35,47012
2025,faixa_etaria,Estado,Região Centro-Oeste,Distrito Federal,DF,333,50,30,31,92,428,646,1108,1682,2412,3265,5024,4,15105
2026,faixa_etaria,Regiao,Região Norte,,,1456,281,113,199,507,1763,1960,2893,3899,5752,7018,8950,46,34837
2026,faixa_etaria,Estado,Região Norte,Rondônia,RO,92,9,11,15,37,137,206,267,444,697,816,899,3,3633
2026,faixa_etaria,Estado,Região Norte,Acre,AC,98,16,1,14,21,59,84,126,170,224,291,397,9,1510
2026,faixa_etaria,Estado,Região Norte,Amazonas,AM,361,76,26,35,94,386,442,601,787,1157,1313,1637,3,6918
2026,faixa_etaria,Estado,Região Norte,Roraima,RR,75,15,8,13,20,63,61,102,145,150,178,204,0,1034
2026,faixa_etaria,Estado,Região Norte,Pará,PA,655,129,52,101,254,873,905,1397,1823,2784,3471,4487,27,16958
2026,faixa_etaria,Estado,Região Norte,Amapá,AP,67,13,4,8,41,104,102,91,153,229,264,314,0,1390
2026,faixa_etaria,Estado,Região Norte,Tocantins,TO,108,23,11,13,40,141,160,309,377,511,685,1012,4,3394
2026,faixa_etaria,Regiao,Região Nordeste,,,3338,469,310,405,1669,5313,6373,10228,14515,22050,28592,43545,115,136922
2026,faixa_etaria,Estado,Região Nordeste,Maranhão,MA,494,83,43,82,255,735,901,1249,1592,2480,3077,4321,19,15331
2026,faixa_etaria,Estado,Região Nordeste,Piauí,PI,184,21,27,27,79,291,365,633,861,1255,1676,2693,0,8112
2026,faixa_etaria,Estado,Região Nordeste,Ceará,CE,394,84,43,51,227,781,1033,1599,2342,3561,4756,8216,0,23087
2026,faixa_etaria,Estado,Região Nordeste,Rio Grande do Norte,RN,165,16,16,17,92,283,344,582,790,1285,1698,2761,5,8054
2026,faixa_etaria,Estado,Região Nordeste,Paraíba,PB,272,32,19,27,123,370,430,770,1167,1735,2398,3744,5,11092
2026,faixa_etaria,Estado,Região Nordeste,Pernambuco,PE,506,81,53,62,228,828,992,1636,2436,3945,5141,7439,70,23417
2026,faixa_etaria,Estado,Região Nordeste,Alagoas,AL,262,35,22,22,95,310,376,584,936,1392,1670,2035,0,7739
2026,faixa_etaria,Estado,Região Nordeste,Sergipe,SE,178,23,9,12,63,232,282,396,575,857,1110,1601,0,5338
2026,faixa_etaria,Estado,Região Nordeste,Bahia,BA,883,94,78,105,507,1483,1650,2779,3816,5540,7066,10735,16,34752
2026,faixa_etaria,Regiao,Região Sudeste,,,3528,530,344,399,1311,5127,7741,13937,22580,40661,52596,72421,221,221396
2026,faixa_etaria,Estado,Região Sudeste,Minas Gerais,MG,795,119,85,92,295,1083,1704,3099,5167,8952,11479,16864,19,49753
2026,faixa_etaria,Estado,Região Sudeste,Espírito Santo,ES,194,28,20,20,92,290,391,702,926,1677,1948,2793,5,9086
2026,faixa_etaria,Estado,Região Sudeste,Rio de Janeiro,RJ,685,118,65,92,359,1317,1627,2905,4714,9191,11807,15306,100,48286
2026,faixa_etaria,Estado,Região Sudeste,São Paulo,SP,1854,265,174,195,565,2437,4019,7231,11773,20841,27362,37458,97,114271
2026,faixa_etaria,Regiao,Região Sul,,,1317,172,105,175,468,1835,2749,4598,7909,14466,18937,24971,25,77727
2026,faixa_etaria,Estado,Região Sul,Paraná,PR,538,73,43,81,223,820,1205,1872,3281,5466,7110,9406,6,30124
2026,faixa_etaria,Estado,Região Sul,Santa Catarina,SC,376,44,24,41,115,463,668,1118,1821,3375,4156,5183,8,17392
2026,faixa_etaria,Estado,Região Sul,Rio Grande do Sul,RS,403,55,38,53,130,552,876,1608,2807,5625,7671,10382,11,30211
2026,faixa_etaria,Regiao,Região Centro-Oeste,,,902,161,78,110,316,1207,1548,2708,4145,6556,7885,10022,11,35649
2026,faixa_etaria,Estado,Região Centro-Oeste,Mato Grosso do Sul,MS,154,28,15,26,60,233,294,487,780,1241,1554,2103,3,6978
2026,faixa_etaria,Estado,Região Centro-Oeste,Mato Grosso,MT,308,57,24,27,97,305,389,650,1025,1511,1725,2008,2,8128
2026,faixa_etaria,Estado,Região Centro-Oeste,Goiás,GO,319,62,28,44,123,529,641,1170,1766,2911,3504,4273,5,15375
2026,faixa_etaria,Estado,Região Centro-Oeste,Distrito Federal,DF,121,14,11,13,36,140,224,401,574,893,1102,1638,1,5168
